experiment_id,source_domain,target_domain,feature_profile,model_name,adaptation_method,target_label_budget_n,n_src_train,n_tgt_test,roc_auc,pr_auc,accuracy,precision,recall,macro_f1,attack_f1,benign_f1,fpr,fnr,fp_per_1000,tn,fp,fn,tp,threshold
ToN-IoT_to_Edge-IIoTset_baseline_common_LogisticRegression_zero_shot,ToN-IoT,Edge-IIoTset,baseline_common,LogisticRegression,zero_shot,0,4200,1400,0.45146250000000004,0.7293745215552723,0.7142857142857143,0.7142857142857143,1.0,0.4166666666666667,0.8333333333333334,0.0,1.0,0.0,1000.0,0,400,0,1000,0.060000000000000005
ToN-IoT_to_Edge-IIoTset_baseline_common_LogisticRegression_limited_label_1pct,ToN-IoT,Edge-IIoTset,baseline_common,LogisticRegression,limited_label_1pct,42,4200,1400,0.45146250000000004,0.7293745215552723,0.3514285714285714,1.0,0.092,0.31844112171981026,0.1684981684981685,0.468384074941452,0.0,0.908,0.0,400,0,908,92,0.9400000000000001
ToN-IoT_to_Edge-IIoTset_baseline_common_LogisticRegression_limited_label_5pct,ToN-IoT,Edge-IIoTset,baseline_common,LogisticRegression,limited_label_5pct,210,4200,1400,0.45146250000000004,0.7293745215552723,0.35,1.0,0.09,0.3164869359944203,0.1651376146788991,0.4678362573099415,0.0,0.91,0.0,400,0,910,90,0.8300000000000001
ToN-IoT_to_Edge-IIoTset_baseline_common_LogisticRegression_limited_label_10pct,ToN-IoT,Edge-IIoTset,baseline_common,LogisticRegression,limited_label_10pct,420,4200,1400,0.5485375,0.8384954941060678,0.6685714285714286,0.7729124236252546,0.759,0.5993279367609217,0.7658930373360242,0.43276283618581907,0.5575,0.241,557.5,177,223,241,759,0.78
ToN-IoT_to_Edge-IIoTset_baseline_common_RandomForest_zero_shot,ToN-IoT,Edge-IIoTset,baseline_common,RandomForest,zero_shot,0,4200,1400,0.37906625,0.5593489405331511,0.3314285714285714,0.5765550239234449,0.241,0.3313180342056544,0.33991537376586745,0.3227206946454414,0.4425,0.759,442.5,223,177,759,241,0.01
ToN-IoT_to_Edge-IIoTset_baseline_common_RandomForest_limited_label_1pct,ToN-IoT,Edge-IIoTset,baseline_common,RandomForest,limited_label_1pct,42,4200,1400,0.7751487500000002,0.9197533544714598,0.7978571428571428,0.7825059101654847,0.993,0.6711593831208983,0.875275451740855,0.4670433145009416,0.69,0.007,690.0,124,276,7,993,0.01
ToN-IoT_to_Edge-IIoTset_baseline_common_RandomForest_limited_label_5pct,ToN-IoT,Edge-IIoTset,baseline_common,RandomForest,limited_label_5pct,210,4200,1400,0.7747762499999999,0.9208029741620704,0.8321428571428572,0.8137817883511075,0.992,0.7448106984042524,0.8940964398377648,0.5955249569707401,0.5675,0.008,567.5,173,227,8,992,0.09
ToN-IoT_to_Edge-IIoTset_baseline_common_RandomForest_limited_label_10pct,ToN-IoT,Edge-IIoTset,baseline_common,RandomForest,limited_label_10pct,420,4200,1400,0.7745312500000001,0.921016583105004,0.8321428571428572,0.8137817883511075,0.992,0.7448106984042524,0.8940964398377648,0.5955249569707401,0.5675,0.008,567.5,173,227,8,992,0.04
ToN-IoT_to_Edge-IIoTset_instant_only_LogisticRegression_zero_shot,ToN-IoT,Edge-IIoTset,instant_only,LogisticRegression,zero_shot,0,4200,1400,0.41844750000000003,0.7008541145779508,0.7142857142857143,0.7142857142857143,1.0,0.4166666666666667,0.8333333333333334,0.0,1.0,0.0,1000.0,0,400,0,1000,0.16
ToN-IoT_to_Edge-IIoTset_instant_only_LogisticRegression_limited_label_1pct,ToN-IoT,Edge-IIoTset,instant_only,LogisticRegression,limited_label_1pct,42,4200,1400,0.6371175,0.7522840634045531,0.7871428571428571,0.7759433962264151,0.987,0.6522220443875374,0.8688380281690141,0.4356060606060606,0.7125,0.013,712.5,115,285,13,987,0.56
ToN-IoT_to_Edge-IIoTset_instant_only_LogisticRegression_limited_label_5pct,ToN-IoT,Edge-IIoTset,instant_only,LogisticRegression,limited_label_5pct,210,4200,1400,0.6429849999999999,0.7540377217888118,0.7885714285714286,0.784329563812601,0.971,0.6705243306332865,0.8677390527256479,0.47330960854092524,0.6675,0.029,667.5,133,267,29,971,0.45
ToN-IoT_to_Edge-IIoTset_instant_only_LogisticRegression_limited_label_10pct,ToN-IoT,Edge-IIoTset,instant_only,LogisticRegression,limited_label_10pct,420,4200,1400,0.6606225000000001,0.7717520399419222,0.7985714285714286,0.7913961038961039,0.975,0.688588520369529,0.8736559139784946,0.5035211267605634,0.6425,0.025,642.5,143,257,25,975,0.41000000000000003
ToN-IoT_to_Edge-IIoTset_instant_only_RandomForest_zero_shot,ToN-IoT,Edge-IIoTset,instant_only,RandomForest,zero_shot,0,4200,1400,0.43309375,0.6383986431333217,0.7142857142857143,0.7142857142857143,1.0,0.4166666666666667,0.8333333333333334,0.0,1.0,0.0,1000.0,0,400,0,1000,0.01
ToN-IoT_to_Edge-IIoTset_instant_only_RandomForest_limited_label_1pct,ToN-IoT,Edge-IIoTset,instant_only,RandomForest,limited_label_1pct,42,4200,1400,0.7307175,0.816433743730111,0.81,0.8528846153846154,0.887,0.7598039215686274,0.8696078431372549,0.65,0.3825,0.113,382.5,247,153,113,887,0.37
ToN-IoT_to_Edge-IIoTset_instant_only_RandomForest_limited_label_5pct,ToN-IoT,Edge-IIoTset,instant_only,RandomForest,limited_label_5pct,210,4200,1400,0.78405875,0.8833600509310477,0.8385714285714285,0.8650943396226415,0.917,0.7924429283652585,0.8902912621359224,0.6945945945945946,0.3575,0.083,357.5,257,143,83,917,0.31
ToN-IoT_to_Edge-IIoTset_instant_only_RandomForest_limited_label_10pct,ToN-IoT,Edge-IIoTset,instant_only,RandomForest,limited_label_10pct,420,4200,1400,0.7597475,0.8586259542189675,0.8178571428571428,0.8662733529990168,0.881,0.7739520588408489,0.873574615765989,0.6743295019157088,0.34,0.119,340.0,264,136,119,881,0.28
ToN-IoT_to_Edge-IIoTset_instant_temporal_LogisticRegression_zero_shot,ToN-IoT,Edge-IIoTset,instant_temporal,LogisticRegression,zero_shot,0,4200,1400,0.404355,0.6526604808007441,0.28714285714285714,0.75,0.003,0.22514840415620369,0.00597609561752988,0.4443207126948775,0.0025,0.997,2.5,399,1,997,3,0.32
ToN-IoT_to_Edge-IIoTset_instant_temporal_LogisticRegression_limited_label_1pct,ToN-IoT,Edge-IIoTset,instant_temporal,LogisticRegression,limited_label_1pct,42,4200,1400,0.5104024999999999,0.7190944821145945,0.565,0.7224118316268487,0.635,0.5073268232981366,0.6758914316125598,0.33876221498371334,0.61,0.365,610.0,156,244,365,635,0.54
ToN-IoT_to_Edge-IIoTset_instant_temporal_LogisticRegression_limited_label_5pct,ToN-IoT,Edge-IIoTset,instant_temporal,LogisticRegression,limited_label_5pct,210,4200,1400,0.5608625,0.7581397389379778,0.61,0.785175879396985,0.625,0.576083195059406,0.6959910913140311,0.45617529880478086,0.4275,0.375,427.5,229,171,375,625,0.62
ToN-IoT_to_Edge-IIoTset_instant_temporal_LogisticRegression_limited_label_10pct,ToN-IoT,Edge-IIoTset,instant_temporal,LogisticRegression,limited_label_10pct,420,4200,1400,0.6141475,0.7770960834229046,0.7871428571428571,0.7964527027027027,0.943,0.68989343989344,0.8635531135531136,0.5162337662337663,0.6025,0.057,602.5,159,241,57,943,0.55
ToN-IoT_to_Edge-IIoTset_instant_temporal_RandomForest_zero_shot,ToN-IoT,Edge-IIoTset,instant_temporal,RandomForest,zero_shot,0,4200,1400,0.3999825,0.631347861957963,0.7142857142857143,0.7142857142857143,1.0,0.4166666666666667,0.8333333333333334,0.0,1.0,0.0,1000.0,0,400,0,1000,0.09999999999999999
ToN-IoT_to_Edge-IIoTset_instant_temporal_RandomForest_limited_label_1pct,ToN-IoT,Edge-IIoTset,instant_temporal,RandomForest,limited_label_1pct,42,4200,1400,0.9509724999999999,0.9813807691470657,0.88,0.9210526315789473,0.91,0.8542982030111705,0.9154929577464789,0.7931034482758621,0.195,0.09,195.0,322,78,90,910,0.15000000000000002
ToN-IoT_to_Edge-IIoTset_instant_temporal_RandomForest_limited_label_5pct,ToN-IoT,Edge-IIoTset,instant_temporal,RandomForest,limited_label_5pct,210,4200,1400,0.97027375,0.9901395445202448,0.9328571428571428,0.9819148936170212,0.923,0.9211220330855909,0.9515463917525773,0.8906976744186047,0.0425,0.077,42.5,383,17,77,923,0.21000000000000002
ToN-IoT_to_Edge-IIoTset_instant_temporal_RandomForest_limited_label_10pct,ToN-IoT,Edge-IIoTset,instant_temporal,RandomForest,limited_label_10pct,420,4200,1400,0.9714149999999999,0.9905328456301055,0.9264285714285714,0.9817400644468314,0.914,0.9140663596018925,0.9466597617814604,0.8814729574223246,0.0425,0.086,42.5,383,17,86,914,0.25
ToN-IoT_to_Edge-IIoTset_instant_behavioral_LogisticRegression_zero_shot,ToN-IoT,Edge-IIoTset,instant_behavioral,LogisticRegression,zero_shot,0,4200,1400,0.7474999999999999,0.898947602514951,0.7142857142857143,0.9054054054054054,0.67,0.6963782259813489,0.7701149425287356,0.6226415094339622,0.175,0.33,175.0,330,70,330,670,0.5
ToN-IoT_to_Edge-IIoTset_instant_behavioral_LogisticRegression_limited_label_1pct,ToN-IoT,Edge-IIoTset,instant_behavioral,LogisticRegression,limited_label_1pct,42,4200,1400,0.7474999999999999,0.898947602514951,0.7142857142857143,0.9054054054054054,0.67,0.6963782259813489,0.7701149425287356,0.6226415094339622,0.175,0.33,175.0,330,70,330,670,0.5
ToN-IoT_to_Edge-IIoTset_instant_behavioral_LogisticRegression_limited_label_5pct,ToN-IoT,Edge-IIoTset,instant_behavioral,LogisticRegression,limited_label_5pct,210,4200,1400,0.74675,0.8986288293659273,0.7142857142857143,0.9043126684636119,0.671,0.6961535206040468,0.7703788748564868,0.6219281663516069,0.1775,0.329,177.5,329,71,329,671,0.5
ToN-IoT_to_Edge-IIoTset_instant_behavioral_LogisticRegression_limited_label_10pct,ToN-IoT,Edge-IIoTset,instant_behavioral,LogisticRegression,limited_label_10pct,420,4200,1400,0.7467499999999999,0.8986288121108801,0.7142857142857143,0.9043126684636119,0.671,0.6961535206040468,0.7703788748564868,0.6219281663516069,0.1775,0.329,177.5,329,71,329,671,0.5
ToN-IoT_to_Edge-IIoTset_instant_behavioral_RandomForest_zero_shot,ToN-IoT,Edge-IIoTset,instant_behavioral,RandomForest,zero_shot,0,4200,1400,0.27513499999999996,0.5769639013715105,0.7142857142857143,0.7142857142857143,1.0,0.4166666666666667,0.8333333333333334,0.0,1.0,0.0,1000.0,0,400,0,1000,0.04
ToN-IoT_to_Edge-IIoTset_instant_behavioral_RandomForest_limited_label_1pct,ToN-IoT,Edge-IIoTset,instant_behavioral,RandomForest,limited_label_1pct,42,4200,1400,0.99907625,0.9996510084049905,0.8514285714285714,0.8278145695364238,1.0,0.777222875048962,0.9057971014492754,0.6486486486486487,0.52,0.0,520.0,192,208,0,1000,0.060000000000000005
ToN-IoT_to_Edge-IIoTset_instant_behavioral_RandomForest_limited_label_5pct,ToN-IoT,Edge-IIoTset,instant_behavioral,RandomForest,limited_label_5pct,210,4200,1400,0.9994099999999999,0.999774033838837,0.9657142857142857,0.9550669216061185,0.999,0.9564395559946172,0.9765395894428153,0.9363395225464191,0.1175,0.001,117.5,353,47,1,999,0.14
ToN-IoT_to_Edge-IIoTset_instant_behavioral_RandomForest_limited_label_10pct,ToN-IoT,Edge-IIoTset,instant_behavioral,RandomForest,limited_label_10pct,420,4200,1400,0.9996725,0.9998724076323866,0.9514285714285714,0.9363295880149812,1.0,0.937110906765598,0.9671179883945842,0.907103825136612,0.17,0.0,170.0,332,68,0,1000,0.060000000000000005
ToN-IoT_to_Edge-IIoTset_full_multilevel_LogisticRegression_zero_shot,ToN-IoT,Edge-IIoTset,full_multilevel,LogisticRegression,zero_shot,0,4200,1400,0.7474999999999999,0.898947602514951,0.7142857142857143,0.9054054054054054,0.67,0.6963782259813489,0.7701149425287356,0.6226415094339622,0.175,0.33,175.0,330,70,330,670,0.5
ToN-IoT_to_Edge-IIoTset_full_multilevel_LogisticRegression_limited_label_1pct,ToN-IoT,Edge-IIoTset,full_multilevel,LogisticRegression,limited_label_1pct,42,4200,1400,0.7474999999999999,0.898947602514951,0.7142857142857143,0.9054054054054054,0.67,0.6963782259813489,0.7701149425287356,0.6226415094339622,0.175,0.33,175.0,330,70,330,670,0.5
ToN-IoT_to_Edge-IIoTset_full_multilevel_LogisticRegression_limited_label_5pct,ToN-IoT,Edge-IIoTset,full_multilevel,LogisticRegression,limited_label_5pct,210,4200,1400,0.74675,0.8986288293659273,0.7142857142857143,0.9043126684636119,0.671,0.6961535206040468,0.7703788748564868,0.6219281663516069,0.1775,0.329,177.5,329,71,329,671,0.5
ToN-IoT_to_Edge-IIoTset_full_multilevel_LogisticRegression_limited_label_10pct,ToN-IoT,Edge-IIoTset,full_multilevel,LogisticRegression,limited_label_10pct,420,4200,1400,0.7467499999999999,0.8986288121108801,0.7142857142857143,0.9043126684636119,0.671,0.6961535206040468,0.7703788748564868,0.6219281663516069,0.1775,0.329,177.5,329,71,329,671,0.5
ToN-IoT_to_Edge-IIoTset_full_multilevel_RandomForest_zero_shot,ToN-IoT,Edge-IIoTset,full_multilevel,RandomForest,zero_shot,0,4200,1400,0.26615875,0.5762555304439233,0.7142857142857143,0.7142857142857143,1.0,0.4166666666666667,0.8333333333333334,0.0,1.0,0.0,1000.0,0,400,0,1000,0.13
ToN-IoT_to_Edge-IIoTset_full_multilevel_RandomForest_limited_label_1pct,ToN-IoT,Edge-IIoTset,full_multilevel,RandomForest,limited_label_1pct,42,4200,1400,0.9994625,0.9997920169233653,0.8278571428571428,0.8058017727639001,1.0,0.7306658556308319,0.892458723784025,0.5688729874776386,0.6025,0.0,602.5,159,241,0,1000,0.060000000000000005
ToN-IoT_to_Edge-IIoTset_full_multilevel_RandomForest_limited_label_5pct,ToN-IoT,Edge-IIoTset,full_multilevel,RandomForest,limited_label_5pct,210,4200,1400,0.9999,0.999960161845195,0.9592857142857143,0.9460737937559129,1.0,0.947786863096239,0.9722897423432183,0.9232839838492598,0.1425,0.0,142.5,343,57,0,1000,0.08
ToN-IoT_to_Edge-IIoTset_full_multilevel_RandomForest_limited_label_10pct,ToN-IoT,Edge-IIoTset,full_multilevel,RandomForest,limited_label_10pct,420,4200,1400,0.9997449999999999,0.9999006571419715,0.9778571428571429,0.9708454810495627,0.999,0.9722570075027536,0.9847215377033022,0.959792477302205,0.075,0.001,75.0,370,30,1,999,0.09999999999999999
ToN-IoT_to_NF-ToN-IoT-v2_baseline_common_LogisticRegression_zero_shot,ToN-IoT,NF-ToN-IoT-v2,baseline_common,LogisticRegression,zero_shot,0,4200,1400,0.7802325,0.718058302419611,0.7142857142857143,0.7142857142857143,1.0,0.4166666666666667,0.8333333333333334,0.0,1.0,0.0,1000.0,0,400,0,1000,0.060000000000000005
ToN-IoT_to_NF-ToN-IoT-v2_baseline_common_LogisticRegression_limited_label_1pct,ToN-IoT,NF-ToN-IoT-v2,baseline_common,LogisticRegression,limited_label_1pct,42,4200,1400,0.7802325,0.718058302419611,0.7142857142857143,0.7142857142857143,1.0,0.4166666666666667,0.8333333333333334,0.0,1.0,0.0,1000.0,0,400,0,1000,0.01
ToN-IoT_to_NF-ToN-IoT-v2_baseline_common_LogisticRegression_limited_label_5pct,ToN-IoT,NF-ToN-IoT-v2,baseline_common,LogisticRegression,limited_label_5pct,210,4200,1400,0.7841524999999999,0.7326810669082909,0.7142857142857143,0.7142857142857143,1.0,0.4166666666666667,0.8333333333333334,0.0,1.0,0.0,1000.0,0,400,0,1000,0.01
ToN-IoT_to_NF-ToN-IoT-v2_baseline_common_LogisticRegression_limited_label_10pct,ToN-IoT,NF-ToN-IoT-v2,baseline_common,LogisticRegression,limited_label_10pct,420,4200,1400,0.7841524999999999,0.7326810669082909,0.7142857142857143,0.7142857142857143,1.0,0.4166666666666667,0.8333333333333334,0.0,1.0,0.0,1000.0,0,400,0,1000,0.01
ToN-IoT_to_NF-ToN-IoT-v2_baseline_common_RandomForest_zero_shot,ToN-IoT,NF-ToN-IoT-v2,baseline_common,RandomForest,zero_shot,0,4200,1400,0.51196,0.8597586206896553,0.72,0.7183908045977011,1.0,0.4376680438061512,0.8361204013377926,0.0392156862745098,0.98,0.0,980.0,8,392,0,1000,0.01
ToN-IoT_to_NF-ToN-IoT-v2_baseline_common_RandomForest_limited_label_1pct,ToN-IoT,NF-ToN-IoT-v2,baseline_common,RandomForest,limited_label_1pct,42,4200,1400,0.97902875,0.9907878130391118,0.9842857142857143,0.9784735812133072,1.0,0.9804210242601309,0.9891196834817013,0.9717223650385605,0.055,0.0,55.0,378,22,0,1000,0.41000000000000003
ToN-IoT_to_NF-ToN-IoT-v2_baseline_common_RandomForest_limited_label_5pct,ToN-IoT,NF-ToN-IoT-v2,baseline_common,RandomForest,limited_label_5pct,210,4200,1400,0.97644,0.9907051902852193,0.9214285714285714,0.9038112522686026,0.996,0.8950378817826656,0.9476688867745005,0.8424068767908309,0.265,0.004,265.0,294,106,4,996,0.41000000000000003
ToN-IoT_to_NF-ToN-IoT-v2_baseline_common_RandomForest_limited_label_10pct,ToN-IoT,NF-ToN-IoT-v2,baseline_common,RandomForest,limited_label_10pct,420,4200,1400,0.9857449999999999,0.9870470850293698,0.9271428571428572,0.9104204753199269,0.996,0.9034067388004579,0.9512893982808023,0.8555240793201133,0.245,0.004,245.0,302,98,4,996,0.4
ToN-IoT_to_NF-ToN-IoT-v2_instant_only_LogisticRegression_zero_shot,ToN-IoT,NF-ToN-IoT-v2,instant_only,LogisticRegression,zero_shot,0,4200,1400,0.88527,0.7311784919568314,0.7142857142857143,0.7142857142857143,1.0,0.4166666666666667,0.8333333333333334,0.0,1.0,0.0,1000.0,0,400,0,1000,0.16
ToN-IoT_to_NF-ToN-IoT-v2_instant_only_LogisticRegression_limited_label_1pct,ToN-IoT,NF-ToN-IoT-v2,instant_only,LogisticRegression,limited_label_1pct,42,4200,1400,0.7841524999999999,0.734083871384818,0.9271428571428572,0.9104204753199269,0.996,0.9034067388004579,0.9512893982808023,0.8555240793201133,0.245,0.004,245.0,302,98,4,996,0.78
ToN-IoT_to_NF-ToN-IoT-v2_instant_only_LogisticRegression_limited_label_5pct,ToN-IoT,NF-ToN-IoT-v2,instant_only,LogisticRegression,limited_label_5pct,210,4200,1400,0.7840725,0.732863456011054,0.30428571428571427,0.5613207547169812,0.119,0.291509755509556,0.19636963696369636,0.3866498740554156,0.2325,0.881,232.5,307,93,881,119,0.9
ToN-IoT_to_NF-ToN-IoT-v2_instant_only_LogisticRegression_limited_label_10pct,ToN-IoT,NF-ToN-IoT-v2,instant_only,LogisticRegression,limited_label_10pct,420,4200,1400,0.13935,0.5048353869482607,0.72,0.7183908045977011,1.0,0.4376680438061512,0.8361204013377926,0.0392156862745098,0.98,0.0,980.0,8,392,0,1000,0.39
ToN-IoT_to_NF-ToN-IoT-v2_instant_only_RandomForest_zero_shot,ToN-IoT,NF-ToN-IoT-v2,instant_only,RandomForest,zero_shot,0,4200,1400,0.4546775,0.6608390702155771,0.7142857142857143,0.7142857142857143,1.0,0.4166666666666667,0.8333333333333334,0.0,1.0,0.0,1000.0,0,400,0,1000,0.01
ToN-IoT_to_NF-ToN-IoT-v2_instant_only_RandomForest_limited_label_1pct,ToN-IoT,NF-ToN-IoT-v2,instant_only,RandomForest,limited_label_1pct,42,4200,1400,0.9877975,0.9947065901328743,0.9842857142857143,0.9784735812133072,1.0,0.9804210242601309,0.9891196834817013,0.9717223650385605,0.055,0.0,55.0,378,22,0,1000,0.41000000000000003
ToN-IoT_to_NF-ToN-IoT-v2_instant_only_RandomForest_limited_label_5pct,ToN-IoT,NF-ToN-IoT-v2,instant_only,RandomForest,limited_label_5pct,210,4200,1400,0.9814025,0.9926361631966304,0.9214285714285714,0.9038112522686026,0.996,0.8950378817826656,0.9476688867745005,0.8424068767908309,0.265,0.004,265.0,294,106,4,996,0.35000000000000003
ToN-IoT_to_NF-ToN-IoT-v2_instant_only_RandomForest_limited_label_10pct,ToN-IoT,NF-ToN-IoT-v2,instant_only,RandomForest,limited_label_10pct,420,4200,1400,0.98871,0.987747667172166,0.9285714285714286,0.9090909090909091,1.0,0.9047619047619047,0.9523809523809523,0.8571428571428571,0.25,0.0,250.0,300,100,0,1000,0.28
ToN-IoT_to_NF-ToN-IoT-v2_instant_temporal_LogisticRegression_zero_shot,ToN-IoT,NF-ToN-IoT-v2,instant_temporal,LogisticRegression,zero_shot,0,4200,1400,0.54089375,0.8150672646900243,0.4392857142857143,0.6416337285902504,0.487,0.39982054688963414,0.5537237066515065,0.24591738712776176,0.68,0.513,680.0,128,272,513,487,0.32
ToN-IoT_to_NF-ToN-IoT-v2_instant_temporal_LogisticRegression_limited_label_1pct,ToN-IoT,NF-ToN-IoT-v2,instant_temporal,LogisticRegression,limited_label_1pct,42,4200,1400,0.54975875,0.7576327888152967,0.36857142857142855,0.7989690721649485,0.155,0.3545978126414555,0.25963149078726966,0.44956413449564137,0.0975,0.845,97.5,361,39,845,155,0.92
ToN-IoT_to_NF-ToN-IoT-v2_instant_temporal_LogisticRegression_limited_label_5pct,ToN-IoT,NF-ToN-IoT-v2,instant_temporal,LogisticRegression,limited_label_5pct,210,4200,1400,0.5411062499999999,0.7599079028969757,0.3892857142857143,0.6807980049875312,0.273,0.38928540269663403,0.3897216274089936,0.3888491779842745,0.32,0.727,320.0,272,128,727,273,0.7100000000000001
ToN-IoT_to_NF-ToN-IoT-v2_instant_temporal_LogisticRegression_limited_label_10pct,ToN-IoT,NF-ToN-IoT-v2,instant_temporal,LogisticRegression,limited_label_10pct,420,4200,1400,0.33407625,0.6814119479763787,0.38142857142857145,0.6801075268817204,0.253,0.38118104384610985,0.3688046647230321,0.39355742296918766,0.2975,0.747,297.5,281,119,747,253,0.81
ToN-IoT_to_NF-ToN-IoT-v2_instant_temporal_RandomForest_zero_shot,ToN-IoT,NF-ToN-IoT-v2,instant_temporal,RandomForest,zero_shot,0,4200,1400,0.40395375,0.6243773286277772,0.7142857142857143,0.7142857142857143,1.0,0.4166666666666667,0.8333333333333334,0.0,1.0,0.0,1000.0,0,400,0,1000,0.09999999999999999
ToN-IoT_to_NF-ToN-IoT-v2_instant_temporal_RandomForest_limited_label_1pct,ToN-IoT,NF-ToN-IoT-v2,instant_temporal,RandomForest,limited_label_1pct,42,4200,1400,0.80709125,0.857084051412298,0.4257142857142857,0.9260869565217391,0.213,0.4171197762933043,0.3463414634146341,0.4878980891719745,0.0425,0.787,42.5,383,17,787,213,0.5
ToN-IoT_to_NF-ToN-IoT-v2_instant_temporal_RandomForest_limited_label_5pct,ToN-IoT,NF-ToN-IoT-v2,instant_temporal,RandomForest,limited_label_5pct,210,4200,1400,0.98777125,0.9926805488125556,0.9678571428571429,0.9631425800193987,0.993,0.9596629358083644,0.9778434268833087,0.94148244473342,0.095,0.007,95.0,362,38,7,993,0.42000000000000004
ToN-IoT_to_NF-ToN-IoT-v2_instant_temporal_RandomForest_limited_label_10pct,ToN-IoT,NF-ToN-IoT-v2,instant_temporal,RandomForest,limited_label_10pct,420,4200,1400,0.99181875,0.9963268853675498,0.9778571428571429,0.9745347698334965,0.995,0.9724332252046706,0.9846610588817417,0.9602053915275995,0.065,0.005,65.0,374,26,5,995,0.42000000000000004
ToN-IoT_to_NF-ToN-IoT-v2_instant_behavioral_LogisticRegression_zero_shot,ToN-IoT,NF-ToN-IoT-v2,instant_behavioral,LogisticRegression,zero_shot,0,4200,1400,0.5530662500000001,0.7114892208055299,0.2857142857142857,0.0,0.0,0.2222222222222222,0.0,0.4444444444444444,0.0,1.0,0.0,400,0,1000,0,0.5
ToN-IoT_to_NF-ToN-IoT-v2_instant_behavioral_LogisticRegression_limited_label_1pct,ToN-IoT,NF-ToN-IoT-v2,instant_behavioral,LogisticRegression,limited_label_1pct,42,4200,1400,0.5530662500000001,0.7114892208055299,0.3871428571428571,0.7305194805194806,0.225,0.38448483655951005,0.3440366972477064,0.4249329758713137,0.2075,0.775,207.5,317,83,775,225,0.45
ToN-IoT_to_NF-ToN-IoT-v2_instant_behavioral_LogisticRegression_limited_label_5pct,ToN-IoT,NF-ToN-IoT-v2,instant_behavioral,LogisticRegression,limited_label_5pct,210,4200,1400,0.44693374999999996,0.7591308932083554,0.73,0.7263464337700145,0.998,0.4767255597612634,0.8407750631844987,0.11267605633802817,0.94,0.002,940.0,24,376,2,998,0.52
ToN-IoT_to_NF-ToN-IoT-v2_instant_behavioral_LogisticRegression_limited_label_10pct,ToN-IoT,NF-ToN-IoT-v2,instant_behavioral,LogisticRegression,limited_label_10pct,420,4200,1400,0.44693374999999996,0.7591308932083554,0.73,0.7280058651026393,0.993,0.4865645228892097,0.8401015228426396,0.13302752293577982,0.9275,0.007,927.5,29,371,7,993,0.5700000000000001
ToN-IoT_to_NF-ToN-IoT-v2_instant_behavioral_RandomForest_zero_shot,ToN-IoT,NF-ToN-IoT-v2,instant_behavioral,RandomForest,zero_shot,0,4200,1400,0.4205975,0.6147048847852064,0.7142857142857143,0.7142857142857143,1.0,0.4166666666666667,0.8333333333333334,0.0,1.0,0.0,1000.0,0,400,0,1000,0.04
ToN-IoT_to_NF-ToN-IoT-v2_instant_behavioral_RandomForest_limited_label_1pct,ToN-IoT,NF-ToN-IoT-v2,instant_behavioral,RandomForest,limited_label_1pct,42,4200,1400,0.95739875,0.9732461194793858,0.9685714285714285,0.9686274509803922,0.988,0.9609037826859609,0.9782178217821782,0.9435897435897436,0.08,0.012,80.0,368,32,12,988,0.5
ToN-IoT_to_NF-ToN-IoT-v2_instant_behavioral_RandomForest_limited_label_5pct,ToN-IoT,NF-ToN-IoT-v2,instant_behavioral,RandomForest,limited_label_5pct,210,4200,1400,0.9849775000000001,0.9889751041054763,0.9771428571428571,0.9717348927875243,0.997,0.9714308307251212,0.9842053307008884,0.958656330749354,0.0725,0.003,72.5,371,29,3,997,0.42000000000000004
ToN-IoT_to_NF-ToN-IoT-v2_instant_behavioral_RandomForest_limited_label_10pct,ToN-IoT,NF-ToN-IoT-v2,instant_behavioral,RandomForest,limited_label_10pct,420,4200,1400,0.98605125,0.9921760825019562,0.9785714285714285,0.974559686888454,0.996,0.9733013967183602,0.9851632047477745,0.961439588688946,0.065,0.004,65.0,374,26,4,996,0.42000000000000004
ToN-IoT_to_NF-ToN-IoT-v2_full_multilevel_LogisticRegression_zero_shot,ToN-IoT,NF-ToN-IoT-v2,full_multilevel,LogisticRegression,zero_shot,0,4200,1400,0.5530662500000001,0.7114892208055299,0.2857142857142857,0.0,0.0,0.2222222222222222,0.0,0.4444444444444444,0.0,1.0,0.0,400,0,1000,0,0.5
ToN-IoT_to_NF-ToN-IoT-v2_full_multilevel_LogisticRegression_limited_label_1pct,ToN-IoT,NF-ToN-IoT-v2,full_multilevel,LogisticRegression,limited_label_1pct,42,4200,1400,0.5530662500000001,0.7114892208055299,0.3871428571428571,0.7305194805194806,0.225,0.38448483655951005,0.3440366972477064,0.4249329758713137,0.2075,0.775,207.5,317,83,775,225,0.45
ToN-IoT_to_NF-ToN-IoT-v2_full_multilevel_LogisticRegression_limited_label_5pct,ToN-IoT,NF-ToN-IoT-v2,full_multilevel,LogisticRegression,limited_label_5pct,210,4200,1400,0.44693374999999996,0.7591308932083554,0.73,0.7263464337700145,0.998,0.4767255597612634,0.8407750631844987,0.11267605633802817,0.94,0.002,940.0,24,376,2,998,0.52
ToN-IoT_to_NF-ToN-IoT-v2_full_multilevel_LogisticRegression_limited_label_10pct,ToN-IoT,NF-ToN-IoT-v2,full_multilevel,LogisticRegression,limited_label_10pct,420,4200,1400,0.44693374999999996,0.7591308932083554,0.73,0.7280058651026393,0.993,0.4865645228892097,0.8401015228426396,0.13302752293577982,0.9275,0.007,927.5,29,371,7,993,0.5700000000000001
ToN-IoT_to_NF-ToN-IoT-v2_full_multilevel_RandomForest_zero_shot,ToN-IoT,NF-ToN-IoT-v2,full_multilevel,RandomForest,zero_shot,0,4200,1400,0.3186175,0.6187241278156913,0.7142857142857143,0.7142857142857143,1.0,0.4166666666666667,0.8333333333333334,0.0,1.0,0.0,1000.0,0,400,0,1000,0.13
ToN-IoT_to_NF-ToN-IoT-v2_full_multilevel_RandomForest_limited_label_1pct,ToN-IoT,NF-ToN-IoT-v2,full_multilevel,RandomForest,limited_label_1pct,42,4200,1400,0.7668925,0.866907316841875,0.47928571428571426,0.9044776119402985,0.303,0.47816083138397825,0.45393258426966293,0.5023890784982935,0.08,0.697,80.0,368,32,697,303,0.54
ToN-IoT_to_NF-ToN-IoT-v2_full_multilevel_RandomForest_limited_label_5pct,ToN-IoT,NF-ToN-IoT-v2,full_multilevel,RandomForest,limited_label_5pct,210,4200,1400,0.9860999999999999,0.9924892198323844,0.9757142857142858,0.9753937007874016,0.991,0.9698837868480725,0.9831349206349206,0.9566326530612245,0.0625,0.009,62.5,375,25,9,991,0.55
ToN-IoT_to_NF-ToN-IoT-v2_full_multilevel_RandomForest_limited_label_10pct,ToN-IoT,NF-ToN-IoT-v2,full_multilevel,RandomForest,limited_label_10pct,420,4200,1400,0.9885,0.9940137742106433,0.9807142857142858,0.9821605550049554,0.991,0.9762132351321707,0.9865604778496765,0.965865992414665,0.045,0.009,45.0,382,18,9,991,0.52
ToN-IoT_to_CICIoT2023_baseline_common_LogisticRegression_zero_shot,ToN-IoT,CICIoT2023,baseline_common,LogisticRegression,zero_shot,0,4200,1400,0.670975,0.8627165613923046,0.6285714285714286,0.687793427230047,0.879,0.38778050249092605,0.771729587357331,0.0038314176245210726,0.9975,0.121,997.5,1,399,121,879,0.060000000000000005
ToN-IoT_to_CICIoT2023_baseline_common_LogisticRegression_limited_label_1pct,ToN-IoT,CICIoT2023,baseline_common,LogisticRegression,limited_label_1pct,42,4200,1400,0.68686,0.8698496527647409,0.7471428571428571,0.8007448789571695,0.86,0.6708560134526647,0.8293153326904532,0.512396694214876,0.535,0.14,535.0,186,214,140,860,0.28
ToN-IoT_to_CICIoT2023_baseline_common_LogisticRegression_limited_label_5pct,ToN-IoT,CICIoT2023,baseline_common,LogisticRegression,limited_label_5pct,210,4200,1400,0.7718025,0.9133914627937895,0.7078571428571429,0.9227467811158798,0.645,0.6938948433095495,0.75927015891701,0.628519527702089,0.135,0.355,135.0,346,54,355,645,0.89
ToN-IoT_to_CICIoT2023_baseline_common_LogisticRegression_limited_label_10pct,ToN-IoT,CICIoT2023,baseline_common,LogisticRegression,limited_label_10pct,420,4200,1400,0.80869,0.9278944102004612,0.7421428571428571,0.9039190897597977,0.715,0.7203283237019809,0.7984366275823562,0.6422200198216056,0.19,0.285,190.0,324,76,285,715,0.8300000000000001
ToN-IoT_to_CICIoT2023_baseline_common_RandomForest_zero_shot,ToN-IoT,CICIoT2023,baseline_common,RandomForest,zero_shot,0,4200,1400,0.43088625,0.6707401928265961,0.6928571428571428,0.708029197080292,0.97,0.4092827004219409,0.8185654008438819,0.0,1.0,0.03,1000.0,0,400,30,970,0.01
ToN-IoT_to_CICIoT2023_baseline_common_RandomForest_limited_label_1pct,ToN-IoT,CICIoT2023,baseline_common,RandomForest,limited_label_1pct,42,4200,1400,0.86561875,0.9393674029445893,0.8392857142857143,0.8758486905916586,0.903,0.7983146790418219,0.8892171344165436,0.7074122236671001,0.32,0.097,320.0,272,128,97,903,0.32
ToN-IoT_to_CICIoT2023_baseline_common_RandomForest_limited_label_5pct,ToN-IoT,CICIoT2023,baseline_common,RandomForest,limited_label_5pct,210,4200,1400,0.9584275,0.9841868689150132,0.8957142857142857,0.898320895522388,0.963,0.8644936144936145,0.9295366795366795,0.7994505494505495,0.2725,0.037,272.5,291,109,37,963,0.34
ToN-IoT_to_CICIoT2023_baseline_common_RandomForest_limited_label_10pct,ToN-IoT,CICIoT2023,baseline_common,RandomForest,limited_label_10pct,420,4200,1400,0.96833625,0.987145128958907,0.925,0.9315332690453231,0.966,0.90541946467417,0.9484536082474226,0.8623853211009175,0.1775,0.034,177.5,329,71,34,966,0.41000000000000003
ToN-IoT_to_CICIoT2023_instant_only_LogisticRegression_zero_shot,ToN-IoT,CICIoT2023,instant_only,LogisticRegression,zero_shot,0,4200,1400,0.7560499999999999,0.9080036682094077,0.6771428571428572,0.7298657718120806,0.87,0.5251872839031886,0.7937956204379562,0.2565789473684211,0.805,0.13,805.0,78,322,130,870,0.16
ToN-IoT_to_CICIoT2023_instant_only_LogisticRegression_limited_label_1pct,ToN-IoT,CICIoT2023,instant_only,LogisticRegression,limited_label_1pct,42,4200,1400,0.8437300000000001,0.9434363131046832,0.7814285714285715,0.9348370927318296,0.746,0.762210839722113,0.8298109010011123,0.6946107784431138,0.13,0.254,130.0,348,52,254,746,0.99
ToN-IoT_to_CICIoT2023_instant_only_LogisticRegression_limited_label_5pct,ToN-IoT,CICIoT2023,instant_only,LogisticRegression,limited_label_5pct,210,4200,1400,0.8908224999999999,0.9618885872804117,0.8457142857142858,0.9444444444444444,0.833,0.8249671813465025,0.8852284803400637,0.7647058823529411,0.1225,0.167,122.5,351,49,167,833,0.9500000000000001
ToN-IoT_to_CICIoT2023_instant_only_LogisticRegression_limited_label_10pct,ToN-IoT,CICIoT2023,instant_only,LogisticRegression,limited_label_10pct,420,4200,1400,0.9070124999999999,0.9668191648392186,0.8264285714285714,0.8980021030494216,0.854,0.794614703341405,0.8754484879548949,0.7137809187279152,0.2425,0.146,242.5,303,97,146,854,0.79
ToN-IoT_to_CICIoT2023_instant_only_RandomForest_zero_shot,ToN-IoT,CICIoT2023,instant_only,RandomForest,zero_shot,0,4200,1400,0.4482400000000001,0.6569944281736607,0.7057142857142857,0.7118155619596542,0.988,0.4137353433835846,0.8274706867671692,0.0,1.0,0.012,1000.0,0,400,12,988,0.01
ToN-IoT_to_CICIoT2023_instant_only_RandomForest_limited_label_1pct,ToN-IoT,CICIoT2023,instant_only,RandomForest,limited_label_1pct,42,4200,1400,0.95043625,0.9809523905200082,0.8642857142857143,0.8590425531914894,0.969,0.8139880952380952,0.9107142857142857,0.7172619047619048,0.3975,0.031,397.5,241,159,31,969,0.23
ToN-IoT_to_CICIoT2023_instant_only_RandomForest_limited_label_5pct,ToN-IoT,CICIoT2023,instant_only,RandomForest,limited_label_5pct,210,4200,1400,0.9863737499999999,0.9949730199222298,0.9364285714285714,0.9293119698397738,0.986,0.918192030748241,0.9568170790878214,0.8795669824086604,0.1875,0.014,187.5,325,75,14,986,0.27
ToN-IoT_to_CICIoT2023_instant_only_RandomForest_limited_label_10pct,ToN-IoT,CICIoT2023,instant_only,RandomForest,limited_label_10pct,420,4200,1400,0.98872625,0.9959439553381215,0.9414285714285714,0.9379770992366412,0.983,0.9254591921542553,0.9599609375,0.8909574468085106,0.1625,0.017,162.5,335,65,17,983,0.31
ToN-IoT_to_CICIoT2023_instant_temporal_LogisticRegression_zero_shot,ToN-IoT,CICIoT2023,instant_temporal,LogisticRegression,zero_shot,0,4200,1400,0.7271325,0.8780181638503999,0.6507142857142857,0.8819133034379671,0.59,0.6373247215171969,0.7070101857399641,0.5676392572944297,0.1975,0.41,197.5,321,79,410,590,0.32
ToN-IoT_to_CICIoT2023_instant_temporal_LogisticRegression_limited_label_1pct,ToN-IoT,CICIoT2023,instant_temporal,LogisticRegression,limited_label_1pct,42,4200,1400,0.8250225,0.9338543663156411,0.7464285714285714,0.9161290322580645,0.71,0.7268292682926829,0.8,0.6536585365853659,0.1625,0.29,162.5,335,65,290,710,0.9
ToN-IoT_to_CICIoT2023_instant_temporal_LogisticRegression_limited_label_5pct,ToN-IoT,CICIoT2023,instant_temporal,LogisticRegression,limited_label_5pct,210,4200,1400,0.87097,0.9524164379476212,0.7807142857142857,0.9494163424124513,0.732,0.7641518493337482,0.8266516092603049,0.7016520894071915,0.0975,0.268,97.5,361,39,268,732,0.9600000000000001
ToN-IoT_to_CICIoT2023_instant_temporal_LogisticRegression_limited_label_10pct,ToN-IoT,CICIoT2023,instant_temporal,LogisticRegression,limited_label_10pct,420,4200,1400,0.8964225000000001,0.9613287855756529,0.8107142857142857,0.8955866523143164,0.832,0.7791875649864091,0.8626231207879731,0.695752009184845,0.2425,0.168,242.5,303,97,168,832,0.63
ToN-IoT_to_CICIoT2023_instant_temporal_RandomForest_zero_shot,ToN-IoT,CICIoT2023,instant_temporal,RandomForest,zero_shot,0,4200,1400,0.351865,0.630155240639111,0.68,0.7041420118343196,0.952,0.40476190476190477,0.8095238095238095,0.0,1.0,0.048,1000.0,0,400,48,952,0.09999999999999999
ToN-IoT_to_CICIoT2023_instant_temporal_RandomForest_limited_label_1pct,ToN-IoT,CICIoT2023,instant_temporal,RandomForest,limited_label_1pct,42,4200,1400,0.95349875,0.9811759758565157,0.82,0.7992,0.999,0.7149090909090909,0.888,0.5418181818181819,0.6275,0.001,627.5,149,251,1,999,0.15000000000000002
ToN-IoT_to_CICIoT2023_instant_temporal_RandomForest_limited_label_5pct,ToN-IoT,CICIoT2023,instant_temporal,RandomForest,limited_label_5pct,210,4200,1400,0.99018625,0.9960079923962721,0.8071428571428572,0.7874015748031497,1.0,0.685811653229158,0.8810572687224669,0.49056603773584906,0.675,0.0,675.0,130,270,0,1000,0.21000000000000002
ToN-IoT_to_CICIoT2023_instant_temporal_RandomForest_limited_label_10pct,ToN-IoT,CICIoT2023,instant_temporal,RandomForest,limited_label_10pct,420,4200,1400,0.9945612499999998,0.9978795382142307,0.8707142857142857,0.8467400508044031,1.0,0.8123017186910897,0.9170105456212746,0.7075928917609047,0.4525,0.0,452.5,219,181,0,1000,0.21000000000000002
ToN-IoT_to_CICIoT2023_instant_behavioral_LogisticRegression_zero_shot,ToN-IoT,CICIoT2023,instant_behavioral,LogisticRegression,zero_shot,0,4200,1400,0.011890000000000005,0.4617569786535303,0.2857142857142857,0.0,0.0,0.2222222222222222,0.0,0.4444444444444444,0.0,1.0,0.0,400,0,1000,0,0.5
ToN-IoT_to_CICIoT2023_instant_behavioral_LogisticRegression_limited_label_1pct,ToN-IoT,CICIoT2023,instant_behavioral,LogisticRegression,limited_label_1pct,42,4200,1400,0.011890000000000005,0.4617569786535303,0.7142857142857143,0.7142857142857143,1.0,0.4166666666666667,0.8333333333333334,0.0,1.0,0.0,1000.0,0,400,0,1000,0.01
ToN-IoT_to_CICIoT2023_instant_behavioral_LogisticRegression_limited_label_5pct,ToN-IoT,CICIoT2023,instant_behavioral,LogisticRegression,limited_label_5pct,210,4200,1400,0.9881099999999999,0.9957251590667249,0.715,0.7147962830593281,1.0,0.419334115731929,0.8336807002917882,0.004987531172069825,0.9975,0.0,997.5,1,399,0,1000,0.64
ToN-IoT_to_CICIoT2023_instant_behavioral_LogisticRegression_limited_label_10pct,ToN-IoT,CICIoT2023,instant_behavioral,LogisticRegression,limited_label_10pct,420,4200,1400,0.9881099999999999,0.9957251590667249,0.715,0.7147962830593281,1.0,0.419334115731929,0.8336807002917882,0.004987531172069825,0.9975,0.0,997.5,1,399,0,1000,0.68
ToN-IoT_to_CICIoT2023_instant_behavioral_RandomForest_zero_shot,ToN-IoT,CICIoT2023,instant_behavioral,RandomForest,zero_shot,0,4200,1400,0.35493625,0.6046007598528297,0.7064285714285714,0.7123287671232876,0.988,0.4163299794792414,0.8278173439463762,0.004842615012106538,0.9975,0.012,997.5,1,399,12,988,0.04
ToN-IoT_to_CICIoT2023_instant_behavioral_RandomForest_limited_label_1pct,ToN-IoT,CICIoT2023,instant_behavioral,RandomForest,limited_label_1pct,42,4200,1400,0.95090125,0.9802218454534055,0.8471428571428572,0.8341836734693877,0.981,0.779352846907994,0.9016544117647058,0.657051282051282,0.4875,0.019,487.5,205,195,19,981,0.21000000000000002
ToN-IoT_to_CICIoT2023_instant_behavioral_RandomForest_limited_label_5pct,ToN-IoT,CICIoT2023,instant_behavioral,RandomForest,limited_label_5pct,210,4200,1400,0.9855962500000001,0.9945509517047137,0.8142857142857143,0.7945859872611465,0.998,0.7034052982895286,0.8847517730496454,0.5220588235294118,0.645,0.002,645.0,142,258,2,998,0.28
ToN-IoT_to_CICIoT2023_instant_behavioral_RandomForest_limited_label_10pct,ToN-IoT,CICIoT2023,instant_behavioral,RandomForest,limited_label_10pct,420,4200,1400,0.989295,0.99603401364065,0.8542857142857143,0.832220367278798,0.997,0.784158960577269,0.9071883530482256,0.6611295681063123,0.5025,0.003,502.49999999999994,199,201,3,997,0.26
ToN-IoT_to_CICIoT2023_full_multilevel_LogisticRegression_zero_shot,ToN-IoT,CICIoT2023,full_multilevel,LogisticRegression,zero_shot,0,4200,1400,0.011890000000000005,0.4617569786535303,0.2857142857142857,0.0,0.0,0.2222222222222222,0.0,0.4444444444444444,0.0,1.0,0.0,400,0,1000,0,0.5
ToN-IoT_to_CICIoT2023_full_multilevel_LogisticRegression_limited_label_1pct,ToN-IoT,CICIoT2023,full_multilevel,LogisticRegression,limited_label_1pct,42,4200,1400,0.011330000000000007,0.4617569786535303,0.7142857142857143,0.7142857142857143,1.0,0.4166666666666667,0.8333333333333334,0.0,1.0,0.0,1000.0,0,400,0,1000,0.01
ToN-IoT_to_CICIoT2023_full_multilevel_LogisticRegression_limited_label_5pct,ToN-IoT,CICIoT2023,full_multilevel,LogisticRegression,limited_label_5pct,210,4200,1400,0.9881099999999999,0.9957251590667249,0.715,0.7147962830593281,1.0,0.419334115731929,0.8336807002917882,0.004987531172069825,0.9975,0.0,997.5,1,399,0,1000,0.64
ToN-IoT_to_CICIoT2023_full_multilevel_LogisticRegression_limited_label_10pct,ToN-IoT,CICIoT2023,full_multilevel,LogisticRegression,limited_label_10pct,420,4200,1400,0.9881099999999999,0.9957251590667249,0.715,0.7147962830593281,1.0,0.419334115731929,0.8336807002917882,0.004987531172069825,0.9975,0.0,997.5,1,399,0,1000,0.68
ToN-IoT_to_CICIoT2023_full_multilevel_RandomForest_zero_shot,ToN-IoT,CICIoT2023,full_multilevel,RandomForest,zero_shot,0,4200,1400,0.28665375000000004,0.5927369884985887,0.56,0.6621621621621622,0.784,0.358974358974359,0.717948717948718,0.0,1.0,0.216,1000.0,0,400,216,784,0.13
ToN-IoT_to_CICIoT2023_full_multilevel_RandomForest_limited_label_1pct,ToN-IoT,CICIoT2023,full_multilevel,RandomForest,limited_label_1pct,42,4200,1400,0.95080625,0.9798780097715555,0.8028571428571428,0.7841444270015698,0.999,0.6769565697201962,0.8786279683377308,0.4752851711026616,0.6875,0.001,687.5,125,275,1,999,0.17
ToN-IoT_to_CICIoT2023_full_multilevel_RandomForest_limited_label_5pct,ToN-IoT,CICIoT2023,full_multilevel,RandomForest,limited_label_5pct,210,4200,1400,0.9912049999999999,0.99652346908945,0.7821428571428571,0.7662835249042146,1.0,0.6257586713118166,0.8676789587852495,0.3838383838383838,0.7625,0.0,762.5,95,305,0,1000,0.24000000000000002
ToN-IoT_to_CICIoT2023_full_multilevel_RandomForest_limited_label_10pct,ToN-IoT,CICIoT2023,full_multilevel,RandomForest,limited_label_10pct,420,4200,1400,0.9940962499999999,0.9976968559444742,0.7421428571428571,0.7347538574577517,1.0,0.5123876122912283,0.8470986869970352,0.1776765375854214,0.9025,0.0,902.5,39,361,0,1000,0.21000000000000002
Edge-IIoTset_to_ToN-IoT_baseline_common_LogisticRegression_zero_shot,Edge-IIoTset,ToN-IoT,baseline_common,LogisticRegression,zero_shot,0,4200,1400,0.605,0.6852822774963908,0.7142857142857143,0.7142857142857143,1.0,0.4166666666666667,0.8333333333333334,0.0,1.0,0.0,1000.0,0,400,0,1000,0.67
Edge-IIoTset_to_ToN-IoT_baseline_common_LogisticRegression_limited_label_1pct,Edge-IIoTset,ToN-IoT,baseline_common,LogisticRegression,limited_label_1pct,42,4200,1400,0.985,0.9692536339474548,0.8185714285714286,0.7974481658692185,1.0,0.7110549905580961,0.8873114463176575,0.5347985347985348,0.635,0.0,635.0,146,254,0,1000,0.65
Edge-IIoTset_to_ToN-IoT_baseline_common_LogisticRegression_limited_label_5pct,Edge-IIoTset,ToN-IoT,baseline_common,LogisticRegression,limited_label_5pct,210,4200,1400,0.995,0.9875258178409305,0.8185714285714286,0.7974481658692185,1.0,0.7110549905580961,0.8873114463176575,0.5347985347985348,0.635,0.0,635.0,146,254,0,1000,0.35000000000000003
Edge-IIoTset_to_ToN-IoT_baseline_common_LogisticRegression_limited_label_10pct,Edge-IIoTset,ToN-IoT,baseline_common,LogisticRegression,limited_label_10pct,420,4200,1400,0.995,0.9875258178409305,0.8185714285714286,0.7974481658692185,1.0,0.7110549905580961,0.8873114463176575,0.5347985347985348,0.635,0.0,635.0,146,254,0,1000,0.19
Edge-IIoTset_to_ToN-IoT_baseline_common_RandomForest_zero_shot,Edge-IIoTset,ToN-IoT,baseline_common,RandomForest,zero_shot,0,4200,1400,0.31152,0.4108188043100452,0.7142857142857143,0.7142857142857143,1.0,0.4166666666666667,0.8333333333333334,0.0,1.0,0.0,1000.0,0,400,0,1000,0.47000000000000003
Edge-IIoTset_to_ToN-IoT_baseline_common_RandomForest_limited_label_1pct,Edge-IIoTset,ToN-IoT,baseline_common,RandomForest,limited_label_1pct,42,4200,1400,0.9971287500000001,0.9989233524674541,0.9957142857142857,0.998995983935743,0.995,0.9947656507043938,0.996993987975952,0.9925373134328358,0.0025,0.005,2.5,399,1,5,995,0.77
Edge-IIoTset_to_ToN-IoT_baseline_common_RandomForest_limited_label_5pct,Edge-IIoTset,ToN-IoT,baseline_common,RandomForest,limited_label_5pct,210,4200,1400,0.99872625,0.9994813452192159,0.9907142857142858,0.9871668311944719,1.0,0.9885117763760463,0.9935419771485345,0.9834815756035579,0.0325,0.0,32.5,387,13,0,1000,0.77
Edge-IIoTset_to_ToN-IoT_baseline_common_RandomForest_limited_label_10pct,Edge-IIoTset,ToN-IoT,baseline_common,RandomForest,limited_label_10pct,420,4200,1400,0.9987199999999999,0.999476242035871,0.9907142857142858,0.9871668311944719,1.0,0.9885117763760463,0.9935419771485345,0.9834815756035579,0.0325,0.0,32.5,387,13,0,1000,0.76
Edge-IIoTset_to_ToN-IoT_instant_only_LogisticRegression_zero_shot,Edge-IIoTset,ToN-IoT,instant_only,LogisticRegression,zero_shot,0,4200,1400,0.605,0.6852705791087732,0.8871428571428571,0.8635578583765112,1.0,0.8403390701555322,0.9267840593141798,0.7538940809968847,0.395,0.0,395.0,242,158,0,1000,0.41000000000000003
Edge-IIoTset_to_ToN-IoT_instant_only_LogisticRegression_limited_label_1pct,Edge-IIoTset,ToN-IoT,instant_only,LogisticRegression,limited_label_1pct,42,4200,1400,0.85758,0.8347976563233016,0.955,0.9466158245948523,0.993,0.942682572577705,0.9692532942898975,0.9161118508655126,0.14,0.007,140.0,344,56,7,993,0.6
Edge-IIoTset_to_ToN-IoT_instant_only_LogisticRegression_limited_label_5pct,Edge-IIoTset,ToN-IoT,instant_only,LogisticRegression,limited_label_5pct,210,4200,1400,0.867265,0.8429599728454249,0.9571428571428572,0.9467680608365019,0.996,0.9452731650874066,0.9707602339181286,0.9197860962566845,0.14,0.004,140.0,344,56,4,996,0.41000000000000003
Edge-IIoTset_to_ToN-IoT_instant_only_LogisticRegression_limited_label_10pct,Edge-IIoTset,ToN-IoT,instant_only,LogisticRegression,limited_label_10pct,420,4200,1400,0.9170674999999999,0.9410719198492298,0.96,0.958252427184466,0.987,0.9498432601880877,0.9724137931034482,0.9272727272727272,0.1075,0.013,107.5,357,43,13,987,0.37
Edge-IIoTset_to_ToN-IoT_instant_only_RandomForest_zero_shot,Edge-IIoTset,ToN-IoT,instant_only,RandomForest,zero_shot,0,4200,1400,0.14353,0.4996784620593939,0.7142857142857143,0.7142857142857143,1.0,0.4166666666666667,0.8333333333333334,0.0,1.0,0.0,1000.0,0,400,0,1000,0.37
Edge-IIoTset_to_ToN-IoT_instant_only_RandomForest_limited_label_1pct,Edge-IIoTset,ToN-IoT,instant_only,RandomForest,limited_label_1pct,42,4200,1400,1.0,1.0,0.9607142857142857,0.9478672985781991,1.0,0.9497052531883277,0.9732360097323601,0.9261744966442953,0.1375,0.0,137.5,345,55,0,1000,0.18000000000000002
Edge-IIoTset_to_ToN-IoT_instant_only_RandomForest_limited_label_5pct,Edge-IIoTset,ToN-IoT,instant_only,RandomForest,limited_label_5pct,210,4200,1400,1.0,1.0,0.9878571428571429,0.983284169124877,1.0,0.9849301372560566,0.991571641051066,0.9782886334610472,0.0425,0.0,42.5,383,17,0,1000,0.17
Edge-IIoTset_to_ToN-IoT_instant_only_RandomForest_limited_label_10pct,Edge-IIoTset,ToN-IoT,instant_only,RandomForest,limited_label_10pct,420,4200,1400,1.0,1.0,0.9885714285714285,0.984251968503937,1.0,0.985827664399093,0.9920634920634921,0.9795918367346939,0.04,0.0,40.0,384,16,0,1000,0.22
Edge-IIoTset_to_ToN-IoT_instant_temporal_LogisticRegression_zero_shot,Edge-IIoTset,ToN-IoT,instant_temporal,LogisticRegression,zero_shot,0,4200,1400,0.0863,0.5175979984930053,0.6264285714285714,0.6962962962962963,0.846,0.434932762246532,0.763882618510158,0.10598290598290598,0.9225,0.154,922.5,31,369,154,846,0.5800000000000001
Edge-IIoTset_to_ToN-IoT_instant_temporal_LogisticRegression_limited_label_1pct,Edge-IIoTset,ToN-IoT,instant_temporal,LogisticRegression,limited_label_1pct,42,4200,1400,0.8533025000000001,0.8328841810362875,0.9228571428571428,0.9288461538461539,0.966,0.9024767801857585,0.9470588235294117,0.8578947368421053,0.185,0.034,185.0,326,74,34,966,0.74
Edge-IIoTset_to_ToN-IoT_instant_temporal_LogisticRegression_limited_label_5pct,Edge-IIoTset,ToN-IoT,instant_temporal,LogisticRegression,limited_label_5pct,210,4200,1400,0.87622,0.8509639856319582,0.9514285714285714,0.9363295880149812,1.0,0.937110906765598,0.9671179883945842,0.907103825136612,0.17,0.0,170.0,332,68,0,1000,0.28
Edge-IIoTset_to_ToN-IoT_instant_temporal_LogisticRegression_limited_label_10pct,Edge-IIoTset,ToN-IoT,instant_temporal,LogisticRegression,limited_label_10pct,420,4200,1400,0.9903325000000001,0.9913149957674343,0.9664285714285714,0.9551098376313276,1.0,0.9573112857153052,0.9770395701025891,0.9375830013280213,0.1175,0.0,117.5,353,47,0,1000,0.38
Edge-IIoTset_to_ToN-IoT_instant_temporal_RandomForest_zero_shot,Edge-IIoTset,ToN-IoT,instant_temporal,RandomForest,zero_shot,0,4200,1400,0.09950250000000001,0.4973340701123318,0.7157142857142857,0.7153075822603719,1.0,0.42198930286017783,0.8340283569641368,0.009950248756218905,0.995,0.0,995.0,2,398,0,1000,0.29000000000000004
Edge-IIoTset_to_ToN-IoT_instant_temporal_RandomForest_limited_label_1pct,Edge-IIoTset,ToN-IoT,instant_temporal,RandomForest,limited_label_1pct,42,4200,1400,0.999935,0.9999743111669641,0.885,0.8613264427217916,1.0,0.8367706366741764,0.9254974548819991,0.7480438184663537,0.4025,0.0,402.5,239,161,0,1000,0.21000000000000002
Edge-IIoTset_to_ToN-IoT_instant_temporal_RandomForest_limited_label_5pct,Edge-IIoTset,ToN-IoT,instant_temporal,RandomForest,limited_label_5pct,210,4200,1400,0.9999475000000001,0.9999792121529174,0.9585714285714285,0.945179584120983,1.0,0.9468250912224728,0.9718172983479106,0.921832884097035,0.145,0.0,145.0,342,58,0,1000,0.18000000000000002
Edge-IIoTset_to_ToN-IoT_instant_temporal_RandomForest_limited_label_10pct,Edge-IIoTset,ToN-IoT,instant_temporal,RandomForest,limited_label_10pct,420,4200,1400,0.9999849999999999,0.9999940328180172,0.9864285714285714,0.9813542688910697,1.0,0.9831308079011237,0.9905894006934126,0.9756722151088348,0.0475,0.0,47.5,381,19,0,1000,0.21000000000000002
Edge-IIoTset_to_ToN-IoT_instant_behavioral_LogisticRegression_zero_shot,Edge-IIoTset,ToN-IoT,instant_behavioral,LogisticRegression,zero_shot,0,4200,1400,0.1570975,0.5353987574337159,0.07357142857142857,0.0,0.0,0.06852960745176315,0.0,0.1370592149035263,0.7425,1.0,742.5,103,297,1000,0,0.12
Edge-IIoTset_to_ToN-IoT_instant_behavioral_LogisticRegression_limited_label_1pct,Edge-IIoTset,ToN-IoT,instant_behavioral,LogisticRegression,limited_label_1pct,42,4200,1400,0.9770825000000001,0.9649393819531613,0.9792857142857143,0.9727361246348588,0.999,0.9740884859059872,0.9856931425752343,0.96248382923674,0.07,0.001,70.0,372,28,1,999,0.81
Edge-IIoTset_to_ToN-IoT_instant_behavioral_LogisticRegression_limited_label_5pct,Edge-IIoTset,ToN-IoT,instant_behavioral,LogisticRegression,limited_label_5pct,210,4200,1400,0.9865225000000001,0.9788071566802365,0.9792857142857143,0.9727361246348588,0.999,0.9740884859059872,0.9856931425752343,0.96248382923674,0.07,0.001,70.0,372,28,1,999,0.56
Edge-IIoTset_to_ToN-IoT_instant_behavioral_LogisticRegression_limited_label_10pct,Edge-IIoTset,ToN-IoT,instant_behavioral,LogisticRegression,limited_label_10pct,420,4200,1400,0.999,0.9996956414741979,0.9907142857142858,0.9881305637982196,0.999,0.9885295009261483,0.9935355544505221,0.9835234474017744,0.03,0.001,30.0,388,12,1,999,0.5700000000000001
Edge-IIoTset_to_ToN-IoT_instant_behavioral_RandomForest_zero_shot,Edge-IIoTset,ToN-IoT,instant_behavioral,RandomForest,zero_shot,0,4200,1400,0.287195,0.4929796620601904,0.7871428571428571,0.7712519319938176,0.998,0.6405815480149281,0.8700959023539668,0.41106719367588934,0.74,0.002,740.0,104,296,2,998,0.54
Edge-IIoTset_to_ToN-IoT_instant_behavioral_RandomForest_limited_label_1pct,Edge-IIoTset,ToN-IoT,instant_behavioral,RandomForest,limited_label_1pct,42,4200,1400,0.9999475,0.9999794218470934,0.7857142857142857,0.7692307692307693,1.0,0.6347826086956522,0.8695652173913043,0.4,0.75,0.0,750.0,100,300,0,1000,0.31
Edge-IIoTset_to_ToN-IoT_instant_behavioral_RandomForest_limited_label_5pct,Edge-IIoTset,ToN-IoT,instant_behavioral,RandomForest,limited_label_5pct,210,4200,1400,0.99997625,0.9999905852192362,0.9535714285714286,0.9389671361502347,1.0,0.9400438141358238,0.9685230024213075,0.9115646258503401,0.1625,0.0,162.5,335,65,0,1000,0.27
Edge-IIoTset_to_ToN-IoT_instant_behavioral_RandomForest_limited_label_10pct,Edge-IIoTset,ToN-IoT,instant_behavioral,RandomForest,limited_label_10pct,420,4200,1400,0.9999850000000001,0.9999940328180172,0.9814285714285714,0.9746588693957114,1.0,0.976787549964161,0.9871668311944719,0.9664082687338501,0.065,0.0,65.0,374,26,0,1000,0.2
Edge-IIoTset_to_ToN-IoT_full_multilevel_LogisticRegression_zero_shot,Edge-IIoTset,ToN-IoT,full_multilevel,LogisticRegression,zero_shot,0,4200,1400,0.023717499999999992,0.5039935402920072,0.012857142857142857,0.012755102040816327,0.005,0.012824908568443052,0.007183908045977011,0.018465909090909092,0.9675,0.995,967.5,13,387,995,5,0.02
Edge-IIoTset_to_ToN-IoT_full_multilevel_LogisticRegression_limited_label_1pct,Edge-IIoTset,ToN-IoT,full_multilevel,LogisticRegression,limited_label_1pct,42,4200,1400,0.987205,0.9849761076926653,0.94,0.924860853432282,0.997,0.9216165127879727,0.9595765158806545,0.8836565096952909,0.2025,0.003,202.5,319,81,3,997,0.51
Edge-IIoTset_to_ToN-IoT_full_multilevel_LogisticRegression_limited_label_5pct,Edge-IIoTset,ToN-IoT,full_multilevel,LogisticRegression,limited_label_5pct,210,4200,1400,0.9974375,0.9971984324389211,0.9971428571428571,0.9970059880239521,0.999,0.9964947333368386,0.998001998001998,0.9949874686716792,0.0075,0.001,7.5,397,3,1,999,0.5800000000000001
Edge-IIoTset_to_ToN-IoT_full_multilevel_LogisticRegression_limited_label_10pct,Edge-IIoTset,ToN-IoT,full_multilevel,LogisticRegression,limited_label_10pct,420,4200,1400,0.9998275,0.9999328427668801,0.9985714285714286,0.999,0.999,0.9982500000000001,0.999,0.9975,0.0025,0.001,2.5,399,1,1,999,0.65
Edge-IIoTset_to_ToN-IoT_full_multilevel_RandomForest_zero_shot,Edge-IIoTset,ToN-IoT,full_multilevel,RandomForest,zero_shot,0,4200,1400,0.2828125,0.5499304374301391,0.72,0.7183908045977011,1.0,0.4376680438061512,0.8361204013377926,0.0392156862745098,0.98,0.0,980.0,8,392,0,1000,0.47000000000000003
Edge-IIoTset_to_ToN-IoT_full_multilevel_RandomForest_limited_label_1pct,Edge-IIoTset,ToN-IoT,full_multilevel,RandomForest,limited_label_1pct,42,4200,1400,0.99987125,0.9999498943398832,0.9007142857142857,0.8779631255487269,1.0,0.8623644597592863,0.9350163627863488,0.789712556732224,0.3475,0.0,347.5,261,139,0,1000,0.29000000000000004
Edge-IIoTset_to_ToN-IoT_full_multilevel_RandomForest_limited_label_5pct,Edge-IIoTset,ToN-IoT,full_multilevel,RandomForest,limited_label_5pct,210,4200,1400,0.9999375,0.9999753527698908,0.9521428571428572,0.9372071227741331,1.0,0.9380903445358129,0.9675858732462506,0.9085948158253752,0.1675,0.0,167.5,333,67,0,1000,0.2
Edge-IIoTset_to_ToN-IoT_full_multilevel_RandomForest_limited_label_10pct,Edge-IIoTset,ToN-IoT,full_multilevel,RandomForest,limited_label_10pct,420,4200,1400,0.9999100000000001,0.9999644408324835,0.9792857142857143,0.9718172983479106,1.0,0.9740468779864468,0.9857072449482503,0.9623865110246433,0.0725,0.0,72.5,371,29,0,1000,0.23
Edge-IIoTset_to_NF-ToN-IoT-v2_baseline_common_LogisticRegression_zero_shot,Edge-IIoTset,NF-ToN-IoT-v2,baseline_common,LogisticRegression,zero_shot,0,4200,1400,0.2197675,0.4204930166260536,0.28285714285714286,0.3333333333333333,0.004,0.2231919427717502,0.007905138339920948,0.43847874720357943,0.02,0.996,20.0,392,8,996,4,0.67
Edge-IIoTset_to_NF-ToN-IoT-v2_baseline_common_LogisticRegression_limited_label_1pct,Edge-IIoTset,NF-ToN-IoT-v2,baseline_common,LogisticRegression,limited_label_1pct,42,4200,1400,0.2197675,0.4204930166260536,0.28285714285714286,0.3333333333333333,0.004,0.2231919427717502,0.007905138339920948,0.43847874720357943,0.02,0.996,20.0,392,8,996,4,0.65
Edge-IIoTset_to_NF-ToN-IoT-v2_baseline_common_LogisticRegression_limited_label_5pct,Edge-IIoTset,NF-ToN-IoT-v2,baseline_common,LogisticRegression,limited_label_5pct,210,4200,1400,0.21584750000000003,0.41554883282846555,0.28,0.0,0.0,0.21875,0.0,0.4375,0.02,1.0,20.0,392,8,1000,0,0.64
Edge-IIoTset_to_NF-ToN-IoT-v2_baseline_common_LogisticRegression_limited_label_10pct,Edge-IIoTset,NF-ToN-IoT-v2,baseline_common,LogisticRegression,limited_label_10pct,420,4200,1400,0.21584750000000003,0.41554883282846555,0.6957142857142857,0.7415824915824916,0.881,0.5546116069828296,0.8053016453382084,0.30392156862745096,0.7675,0.119,767.5,93,307,119,881,0.64
Edge-IIoTset_to_NF-ToN-IoT-v2_baseline_common_RandomForest_zero_shot,Edge-IIoTset,NF-ToN-IoT-v2,baseline_common,RandomForest,zero_shot,0,4200,1400,0.9468862499999999,0.6828956402521786,0.9021428571428571,0.9757442116868799,0.885,0.8873719795813269,0.9281594126900892,0.8465845464725644,0.055,0.115,55.0,378,22,115,885,0.47000000000000003
Edge-IIoTset_to_NF-ToN-IoT-v2_baseline_common_RandomForest_limited_label_1pct,Edge-IIoTset,NF-ToN-IoT-v2,baseline_common,RandomForest,limited_label_1pct,42,4200,1400,0.9692275,0.9865388758244457,0.9842857142857143,0.9784735812133072,1.0,0.9804210242601309,0.9891196834817013,0.9717223650385605,0.055,0.0,55.0,378,22,0,1000,0.37
Edge-IIoTset_to_NF-ToN-IoT-v2_baseline_common_RandomForest_limited_label_5pct,Edge-IIoTset,NF-ToN-IoT-v2,baseline_common,RandomForest,limited_label_5pct,210,4200,1400,0.9763999999999999,0.9906897222992954,0.9214285714285714,0.9038112522686026,0.996,0.8950378817826656,0.9476688867745005,0.8424068767908309,0.265,0.004,265.0,294,106,4,996,0.41000000000000003
Edge-IIoTset_to_NF-ToN-IoT-v2_baseline_common_RandomForest_limited_label_10pct,Edge-IIoTset,NF-ToN-IoT-v2,baseline_common,RandomForest,limited_label_10pct,420,4200,1400,0.988615,0.9877848510827818,0.9271428571428572,0.9104204753199269,0.996,0.9034067388004579,0.9512893982808023,0.8555240793201133,0.245,0.004,245.0,302,98,4,996,0.41000000000000003
Edge-IIoTset_to_NF-ToN-IoT-v2_instant_only_LogisticRegression_zero_shot,Edge-IIoTset,NF-ToN-IoT-v2,instant_only,LogisticRegression,zero_shot,0,4200,1400,0.76589,0.7154923062323486,0.7142857142857143,0.7142857142857143,1.0,0.4166666666666667,0.8333333333333334,0.0,1.0,0.0,1000.0,0,400,0,1000,0.41000000000000003
Edge-IIoTset_to_NF-ToN-IoT-v2_instant_only_LogisticRegression_limited_label_1pct,Edge-IIoTset,NF-ToN-IoT-v2,instant_only,LogisticRegression,limited_label_1pct,42,4200,1400,0.7688,0.7152975575518321,0.9242857142857143,0.9041591320072333,1.0,0.8984649320864498,0.949667616334283,0.8472622478386167,0.265,0.0,265.0,294,106,0,1000,0.42000000000000004
Edge-IIoTset_to_NF-ToN-IoT-v2_instant_only_LogisticRegression_limited_label_5pct,Edge-IIoTset,NF-ToN-IoT-v2,instant_only,LogisticRegression,limited_label_5pct,210,4200,1400,0.7648799999999999,0.6981380211355597,0.9214285714285714,0.9038112522686026,0.996,0.8950378817826656,0.9476688867745005,0.8424068767908309,0.265,0.004,265.0,294,106,4,996,0.4
Edge-IIoTset_to_NF-ToN-IoT-v2_instant_only_LogisticRegression_limited_label_10pct,Edge-IIoTset,NF-ToN-IoT-v2,instant_only,LogisticRegression,limited_label_10pct,420,4200,1400,0.7678699999999999,0.7012100118068383,0.9242857142857143,0.9041591320072333,1.0,0.8984649320864498,0.949667616334283,0.8472622478386167,0.265,0.0,265.0,294,106,0,1000,0.52
Edge-IIoTset_to_NF-ToN-IoT-v2_instant_only_RandomForest_zero_shot,Edge-IIoTset,NF-ToN-IoT-v2,instant_only,RandomForest,zero_shot,0,4200,1400,0.9468599999999999,0.6809432592997977,0.2792857142857143,0.32,0.008,0.22357952593610445,0.015609756097560976,0.4315492957746479,0.0425,0.992,42.5,383,17,992,8,0.37
Edge-IIoTset_to_NF-ToN-IoT-v2_instant_only_RandomForest_limited_label_1pct,Edge-IIoTset,NF-ToN-IoT-v2,instant_only,RandomForest,limited_label_1pct,42,4200,1400,0.9834125,0.9927381288582215,0.9842857142857143,0.9784735812133072,1.0,0.9804210242601309,0.9891196834817013,0.9717223650385605,0.055,0.0,55.0,378,22,0,1000,0.41000000000000003
Edge-IIoTset_to_NF-ToN-IoT-v2_instant_only_RandomForest_limited_label_5pct,Edge-IIoTset,NF-ToN-IoT-v2,instant_only,RandomForest,limited_label_5pct,210,4200,1400,0.9813625,0.9926206340112964,0.9242857142857143,0.9041591320072333,1.0,0.8984649320864498,0.949667616334283,0.8472622478386167,0.265,0.0,265.0,294,106,0,1000,0.41000000000000003
Edge-IIoTset_to_NF-ToN-IoT-v2_instant_only_RandomForest_limited_label_10pct,Edge-IIoTset,NF-ToN-IoT-v2,instant_only,RandomForest,limited_label_10pct,420,4200,1400,0.98864,0.9877200427818426,0.93,0.9107468123861566,1.0,0.9068438534596781,0.9532888465204957,0.8603988603988604,0.245,0.0,245.0,302,98,0,1000,0.41000000000000003
Edge-IIoTset_to_NF-ToN-IoT-v2_instant_temporal_LogisticRegression_zero_shot,Edge-IIoTset,NF-ToN-IoT-v2,instant_temporal,LogisticRegression,zero_shot,0,4200,1400,0.5558862499999999,0.7441175624936268,0.7142857142857143,0.7142857142857143,1.0,0.4166666666666667,0.8333333333333334,0.0,1.0,0.0,1000.0,0,400,0,1000,0.5800000000000001
Edge-IIoTset_to_NF-ToN-IoT-v2_instant_temporal_LogisticRegression_limited_label_1pct,Edge-IIoTset,NF-ToN-IoT-v2,instant_temporal,LogisticRegression,limited_label_1pct,42,4200,1400,0.65304625,0.7628158025335275,0.3514285714285714,0.8285714285714286,0.116,0.3282604100612978,0.20350877192982456,0.4530120481927711,0.06,0.884,60.0,376,24,884,116,0.85
Edge-IIoTset_to_NF-ToN-IoT-v2_instant_temporal_LogisticRegression_limited_label_5pct,Edge-IIoTset,NF-ToN-IoT-v2,instant_temporal,LogisticRegression,limited_label_5pct,210,4200,1400,0.62370125,0.771886617138638,0.3964285714285714,0.8112449799196787,0.202,0.3893244834423309,0.32345876701361087,0.4551901998710509,0.1175,0.798,117.5,353,47,798,202,0.7100000000000001
Edge-IIoTset_to_NF-ToN-IoT-v2_instant_temporal_LogisticRegression_limited_label_10pct,Edge-IIoTset,NF-ToN-IoT-v2,instant_temporal,LogisticRegression,limited_label_10pct,420,4200,1400,0.66505125,0.7897891680909856,0.40285714285714286,0.8504273504273504,0.199,0.3943420870151994,0.3225283630470016,0.4661558109833972,0.0875,0.801,87.5,365,35,801,199,0.74
Edge-IIoTset_to_NF-ToN-IoT-v2_instant_temporal_RandomForest_zero_shot,Edge-IIoTset,NF-ToN-IoT-v2,instant_temporal,RandomForest,zero_shot,0,4200,1400,0.6312475000000001,0.7008057289756762,0.5771428571428572,0.7361111111111112,0.636,0.5249624004988812,0.6824034334763949,0.36752136752136755,0.57,0.364,570.0,172,228,364,636,0.29000000000000004
Edge-IIoTset_to_NF-ToN-IoT-v2_instant_temporal_RandomForest_limited_label_1pct,Edge-IIoTset,NF-ToN-IoT-v2,instant_temporal,RandomForest,limited_label_1pct,42,4200,1400,0.78403625,0.8475029233400931,0.4878571428571429,0.9101449275362319,0.314,0.4870654964933124,0.46691449814126396,0.5072164948453608,0.0775,0.686,77.5,369,31,686,314,0.5
Edge-IIoTset_to_NF-ToN-IoT-v2_instant_temporal_RandomForest_limited_label_5pct,Edge-IIoTset,NF-ToN-IoT-v2,instant_temporal,RandomForest,limited_label_5pct,210,4200,1400,0.9844375,0.9911038826518723,0.9635714285714285,0.9575699132111861,0.993,0.9540608828417397,0.9749631811487481,0.9331585845347313,0.11,0.007,110.0,356,44,7,993,0.42000000000000004
Edge-IIoTset_to_NF-ToN-IoT-v2_instant_temporal_RandomForest_limited_label_10pct,Edge-IIoTset,NF-ToN-IoT-v2,instant_temporal,RandomForest,limited_label_10pct,420,4200,1400,0.98962875,0.9955766227939049,0.9757142857142858,0.9716796875,0.995,0.9696935740189887,0.983201581027668,0.9561855670103093,0.0725,0.005,72.5,371,29,5,995,0.42000000000000004
Edge-IIoTset_to_NF-ToN-IoT-v2_instant_behavioral_LogisticRegression_zero_shot,Edge-IIoTset,NF-ToN-IoT-v2,instant_behavioral,LogisticRegression,zero_shot,0,4200,1400,0.41501125,0.6112276912315736,0.25357142857142856,0.4103585657370518,0.103,0.24501973630908055,0.16466826538768986,0.32537120723047125,0.37,0.897,370.0,252,148,897,103,0.12
Edge-IIoTset_to_NF-ToN-IoT-v2_instant_behavioral_LogisticRegression_limited_label_1pct,Edge-IIoTset,NF-ToN-IoT-v2,instant_behavioral,LogisticRegression,limited_label_1pct,42,4200,1400,0.6024287500000001,0.6932109280461347,0.5728571428571428,0.8221153846153846,0.513,0.5616349988271171,0.6317733990147784,0.4914965986394558,0.2775,0.487,277.5,289,111,487,513,0.52
Edge-IIoTset_to_NF-ToN-IoT-v2_instant_behavioral_LogisticRegression_limited_label_5pct,Edge-IIoTset,NF-ToN-IoT-v2,instant_behavioral,LogisticRegression,limited_label_5pct,210,4200,1400,0.60251875,0.7022754226253857,0.5421428571428571,0.7826771653543307,0.497,0.5288682390308567,0.6079510703363914,0.4497854077253219,0.345,0.503,345.0,262,138,503,497,0.52
Edge-IIoTset_to_NF-ToN-IoT-v2_instant_behavioral_LogisticRegression_limited_label_10pct,Edge-IIoTset,NF-ToN-IoT-v2,instant_behavioral,LogisticRegression,limited_label_10pct,420,4200,1400,0.7996537499999999,0.8614219331856456,0.8442857142857143,0.9403153153153153,0.835,0.8227494052928932,0.8845338983050848,0.7609649122807017,0.1325,0.165,132.5,347,53,165,835,0.65
Edge-IIoTset_to_NF-ToN-IoT-v2_instant_behavioral_RandomForest_zero_shot,Edge-IIoTset,NF-ToN-IoT-v2,instant_behavioral,RandomForest,zero_shot,0,4200,1400,0.6403425,0.7152345977074316,0.5264285714285715,0.7526236881559221,0.502,0.5085537173236139,0.6022795440911818,0.4148278905560459,0.4125,0.498,412.5,235,165,498,502,0.54
Edge-IIoTset_to_NF-ToN-IoT-v2_instant_behavioral_RandomForest_limited_label_1pct,Edge-IIoTset,NF-ToN-IoT-v2,instant_behavioral,RandomForest,limited_label_1pct,42,4200,1400,0.95556125,0.9566643612931426,0.9364285714285714,0.932573599240266,0.982,0.9187527834996423,0.9566488066244521,0.8808567603748326,0.1775,0.018,177.5,329,71,18,982,0.5
Edge-IIoTset_to_NF-ToN-IoT-v2_instant_behavioral_RandomForest_limited_label_5pct,Edge-IIoTset,NF-ToN-IoT-v2,instant_behavioral,RandomForest,limited_label_5pct,210,4200,1400,0.9837337500000001,0.9884899889987151,0.9771428571428571,0.97265625,0.996,0.9714763049590481,0.9841897233201581,0.9587628865979382,0.07,0.004,70.0,372,28,4,996,0.42000000000000004
Edge-IIoTset_to_NF-ToN-IoT-v2_instant_behavioral_RandomForest_limited_label_10pct,Edge-IIoTset,NF-ToN-IoT-v2,instant_behavioral,RandomForest,limited_label_10pct,420,4200,1400,0.98588375,0.9919675273965344,0.9785714285714285,0.974559686888454,0.996,0.9733013967183602,0.9851632047477745,0.961439588688946,0.065,0.004,65.0,374,26,4,996,0.42000000000000004
Edge-IIoTset_to_NF-ToN-IoT-v2_full_multilevel_LogisticRegression_zero_shot,Edge-IIoTset,NF-ToN-IoT-v2,full_multilevel,LogisticRegression,zero_shot,0,4200,1400,0.49847875,0.6644542723233002,0.7178571428571429,0.7328714395688991,0.952,0.5198815071032359,0.8281861678990866,0.21157684630738524,0.8675,0.048,867.5,53,347,48,952,0.02
Edge-IIoTset_to_NF-ToN-IoT-v2_full_multilevel_LogisticRegression_limited_label_1pct,Edge-IIoTset,NF-ToN-IoT-v2,full_multilevel,LogisticRegression,limited_label_1pct,42,4200,1400,0.6498187499999999,0.8192656940090628,0.7085714285714285,0.8627450980392157,0.704,0.6803481250671537,0.775330396475771,0.5853658536585366,0.28,0.296,280.0,288,112,296,704,0.24000000000000002
Edge-IIoTset_to_NF-ToN-IoT-v2_full_multilevel_LogisticRegression_limited_label_5pct,Edge-IIoTset,NF-ToN-IoT-v2,full_multilevel,LogisticRegression,limited_label_5pct,210,4200,1400,0.74850375,0.859991648333639,0.4328571428571429,0.9153225806451613,0.227,0.4260920565688607,0.36378205128205127,0.4884020618556701,0.0525,0.773,52.5,379,21,773,227,0.49
Edge-IIoTset_to_NF-ToN-IoT-v2_full_multilevel_LogisticRegression_limited_label_10pct,Edge-IIoTset,NF-ToN-IoT-v2,full_multilevel,LogisticRegression,limited_label_10pct,420,4200,1400,0.8248662499999999,0.9115850781229321,0.5928571428571429,0.9423868312757202,0.458,0.5913149824541997,0.6164199192462988,0.5662100456621004,0.07,0.542,70.0,372,28,542,458,0.55
Edge-IIoTset_to_NF-ToN-IoT-v2_full_multilevel_RandomForest_zero_shot,Edge-IIoTset,NF-ToN-IoT-v2,full_multilevel,RandomForest,zero_shot,0,4200,1400,0.6059374999999999,0.699705715710115,0.72,0.7334869431643625,0.955,0.5212823492056846,0.8297132927888793,0.21285140562248997,0.8675,0.045,867.5,53,347,45,955,0.47000000000000003
Edge-IIoTset_to_NF-ToN-IoT-v2_full_multilevel_RandomForest_limited_label_1pct,Edge-IIoTset,NF-ToN-IoT-v2,full_multilevel,RandomForest,limited_label_1pct,42,4200,1400,0.7875075,0.8798425392316618,0.6057142857142858,0.9375,0.48,0.6031746031746031,0.6349206349206349,0.5714285714285714,0.08,0.52,80.0,368,32,520,480,0.56
Edge-IIoTset_to_NF-ToN-IoT-v2_full_multilevel_RandomForest_limited_label_5pct,Edge-IIoTset,NF-ToN-IoT-v2,full_multilevel,RandomForest,limited_label_5pct,210,4200,1400,0.9826312500000001,0.9888211493683504,0.9742857142857143,0.9762845849802372,0.988,0.968211038338497,0.9821073558648111,0.9543147208121827,0.06,0.012,60.0,376,24,12,988,0.5800000000000001
Edge-IIoTset_to_NF-ToN-IoT-v2_full_multilevel_RandomForest_limited_label_10pct,Edge-IIoTset,NF-ToN-IoT-v2,full_multilevel,RandomForest,limited_label_10pct,420,4200,1400,0.9866775,0.9928914608615034,0.9835714285714285,0.9822309970384995,0.995,0.9796746812806971,0.9885742672627919,0.9707750952986023,0.045,0.005,45.0,382,18,5,995,0.52
Edge-IIoTset_to_CICIoT2023_baseline_common_LogisticRegression_zero_shot,Edge-IIoTset,CICIoT2023,baseline_common,LogisticRegression,zero_shot,0,4200,1400,0.2564624999999999,0.5757923962625512,0.4664285714285714,0.6203615604186489,0.652,0.31922882386982415,0.6357874207703559,0.0026702269692923898,0.9975,0.348,997.5,1,399,348,652,0.67
Edge-IIoTset_to_CICIoT2023_baseline_common_LogisticRegression_limited_label_1pct,Edge-IIoTset,CICIoT2023,baseline_common,LogisticRegression,limited_label_1pct,42,4200,1400,0.9372325000000001,0.9704441466401174,0.8821428571428571,0.8949858088930936,0.946,0.8488567089627972,0.9197860962566845,0.7779273216689099,0.2775,0.054,277.5,289,111,54,946,0.23
Edge-IIoTset_to_CICIoT2023_baseline_common_LogisticRegression_limited_label_5pct,Edge-IIoTset,CICIoT2023,baseline_common,LogisticRegression,limited_label_5pct,210,4200,1400,0.9326650000000001,0.9684068915638165,0.8814285714285715,0.9512987012987013,0.879,0.8621118484132182,0.9137214137214137,0.8105022831050228,0.1125,0.121,112.5,355,45,121,879,0.59
Edge-IIoTset_to_CICIoT2023_baseline_common_LogisticRegression_limited_label_10pct,Edge-IIoTset,CICIoT2023,baseline_common,LogisticRegression,limited_label_10pct,420,4200,1400,0.9415150000000001,0.9729689261677025,0.8871428571428571,0.9459745762711864,0.893,0.8670724202915272,0.918724279835391,0.8154205607476636,0.1275,0.107,127.5,349,51,107,893,0.51
Edge-IIoTset_to_CICIoT2023_baseline_common_RandomForest_zero_shot,Edge-IIoTset,CICIoT2023,baseline_common,RandomForest,zero_shot,0,4200,1400,0.5595825,0.8289132073540877,0.6807142857142857,0.7049666419570052,0.951,0.4092877187915035,0.80970625798212,0.008869179600886918,0.995,0.049,995.0,2,398,49,951,0.47000000000000003
Edge-IIoTset_to_CICIoT2023_baseline_common_RandomForest_limited_label_1pct,Edge-IIoTset,CICIoT2023,baseline_common,RandomForest,limited_label_1pct,42,4200,1400,0.9366812499999999,0.9721174256233523,0.905,0.9245837414299706,0.944,0.8817296436200384,0.9341909945571499,0.8292682926829268,0.1925,0.056,192.5,323,77,56,944,0.29000000000000004
Edge-IIoTset_to_CICIoT2023_baseline_common_RandomForest_limited_label_5pct,Edge-IIoTset,CICIoT2023,baseline_common,RandomForest,limited_label_5pct,210,4200,1400,0.95571,0.9814715912183711,0.9221428571428572,0.9354838709677419,0.957,0.9029182420185881,0.9461196243203164,0.8597168597168597,0.165,0.043,165.0,334,66,43,957,0.34
Edge-IIoTset_to_CICIoT2023_baseline_common_RandomForest_limited_label_10pct,Edge-IIoTset,CICIoT2023,baseline_common,RandomForest,limited_label_10pct,420,4200,1400,0.9750762500000001,0.9897176517238649,0.9414285714285714,0.9482421875,0.971,0.9269080314575608,0.9594861660079052,0.8943298969072165,0.1325,0.029,132.5,347,53,29,971,0.39
Edge-IIoTset_to_CICIoT2023_instant_only_LogisticRegression_zero_shot,Edge-IIoTset,CICIoT2023,instant_only,LogisticRegression,zero_shot,0,4200,1400,0.05692749999999999,0.5063919215470488,0.7142857142857143,0.7142857142857143,1.0,0.4166666666666667,0.8333333333333334,0.0,1.0,0.0,1000.0,0,400,0,1000,0.41000000000000003
Edge-IIoTset_to_CICIoT2023_instant_only_LogisticRegression_limited_label_1pct,Edge-IIoTset,CICIoT2023,instant_only,LogisticRegression,limited_label_1pct,42,4200,1400,0.7761324999999999,0.820966279996073,0.8407142857142857,0.8976458546571137,0.877,0.8081214648899772,0.887202832574608,0.7290400972053463,0.25,0.123,250.0,300,100,123,877,0.9500000000000001
Edge-IIoTset_to_CICIoT2023_instant_only_LogisticRegression_limited_label_5pct,Edge-IIoTset,CICIoT2023,instant_only,LogisticRegression,limited_label_5pct,210,4200,1400,0.8138624999999999,0.8692848314908934,0.835,0.9086078639744952,0.855,0.8060359175418741,0.8809891808346213,0.7310826542491269,0.215,0.145,215.0,314,86,145,855,0.77
Edge-IIoTset_to_CICIoT2023_instant_only_LogisticRegression_limited_label_10pct,Edge-IIoTset,CICIoT2023,instant_only,LogisticRegression,limited_label_10pct,420,4200,1400,0.8259675000000001,0.8636895646832431,0.8485714285714285,0.9112734864300627,0.873,0.8199723892963637,0.891726251276813,0.7482185273159145,0.2125,0.127,212.5,315,85,127,873,0.76
Edge-IIoTset_to_CICIoT2023_instant_only_RandomForest_zero_shot,Edge-IIoTset,CICIoT2023,instant_only,RandomForest,zero_shot,0,4200,1400,0.6679775,0.8680719240035104,0.6985714285714286,0.7097242380261248,0.978,0.4112699747687132,0.8225399495374264,0.0,1.0,0.022,1000.0,0,400,22,978,0.37
Edge-IIoTset_to_CICIoT2023_instant_only_RandomForest_limited_label_1pct,Edge-IIoTset,CICIoT2023,instant_only,RandomForest,limited_label_1pct,42,4200,1400,0.9707562499999999,0.9888856093120391,0.9214285714285714,0.9158878504672897,0.98,0.8980874859373966,0.9468599033816425,0.8493150684931506,0.225,0.02,225.0,310,90,20,980,0.24000000000000002
Edge-IIoTset_to_CICIoT2023_instant_only_RandomForest_limited_label_5pct,Edge-IIoTset,CICIoT2023,instant_only,RandomForest,limited_label_5pct,210,4200,1400,0.9889462499999999,0.9959653362844957,0.9507142857142857,0.94716618635927,0.986,0.9376419758585364,0.9661930426261637,0.9090909090909091,0.1375,0.014,137.5,345,55,14,986,0.28
Edge-IIoTset_to_CICIoT2023_instant_only_RandomForest_limited_label_10pct,Edge-IIoTset,CICIoT2023,instant_only,RandomForest,limited_label_10pct,420,4200,1400,0.99020625,0.9966782127793791,0.9578571428571429,0.9581304771178188,0.984,0.9472834713259739,0.9708929452392698,0.9236739974126779,0.1075,0.016,107.5,357,43,16,984,0.39
Edge-IIoTset_to_CICIoT2023_instant_temporal_LogisticRegression_zero_shot,Edge-IIoTset,CICIoT2023,instant_temporal,LogisticRegression,zero_shot,0,4200,1400,0.0273575,0.5011780396514214,0.7142857142857143,0.7142857142857143,1.0,0.4166666666666667,0.8333333333333334,0.0,1.0,0.0,1000.0,0,400,0,1000,0.5800000000000001
Edge-IIoTset_to_CICIoT2023_instant_temporal_LogisticRegression_limited_label_1pct,Edge-IIoTset,CICIoT2023,instant_temporal,LogisticRegression,limited_label_1pct,42,4200,1400,0.75667,0.8042402407258792,0.7985714285714286,0.8399621212121212,0.887,0.741904104430777,0.8628404669260701,0.6209677419354839,0.4225,0.113,422.5,231,169,113,887,0.5700000000000001
Edge-IIoTset_to_CICIoT2023_instant_temporal_LogisticRegression_limited_label_5pct,Edge-IIoTset,CICIoT2023,instant_temporal,LogisticRegression,limited_label_5pct,210,4200,1400,0.76154,0.850038796492844,0.7664285714285715,0.8348258706467662,0.839,0.7127934879781678,0.8369077306733167,0.5886792452830188,0.415,0.161,415.0,234,166,161,839,0.5800000000000001
Edge-IIoTset_to_CICIoT2023_instant_temporal_LogisticRegression_limited_label_10pct,Edge-IIoTset,CICIoT2023,instant_temporal,LogisticRegression,limited_label_10pct,420,4200,1400,0.7563275,0.8195310917214201,0.7828571428571428,0.8558282208588958,0.837,0.7382398598697596,0.846309403437816,0.6301703163017032,0.3525,0.163,352.5,259,141,163,837,0.74
Edge-IIoTset_to_CICIoT2023_instant_temporal_RandomForest_zero_shot,Edge-IIoTset,CICIoT2023,instant_temporal,RandomForest,zero_shot,0,4200,1400,0.21651499999999996,0.6417738238604817,0.7142857142857143,0.7142857142857143,1.0,0.4166666666666667,0.8333333333333334,0.0,1.0,0.0,1000.0,0,400,0,1000,0.29000000000000004
Edge-IIoTset_to_CICIoT2023_instant_temporal_RandomForest_limited_label_1pct,Edge-IIoTset,CICIoT2023,instant_temporal,RandomForest,limited_label_1pct,42,4200,1400,0.9809362500000001,0.9920403418961159,0.8542857142857143,0.8305647840531561,1.0,0.7825795685696537,0.9074410163339383,0.6577181208053692,0.51,0.0,510.0,196,204,0,1000,0.23
Edge-IIoTset_to_CICIoT2023_instant_temporal_RandomForest_limited_label_5pct,Edge-IIoTset,CICIoT2023,instant_temporal,RandomForest,limited_label_5pct,210,4200,1400,0.9944375,0.9979040371248263,0.7585714285714286,0.7473841554559043,1.0,0.5619151307774062,0.8554319931565441,0.2683982683982684,0.845,0.0,845.0,62,338,0,1000,0.23
Edge-IIoTset_to_CICIoT2023_instant_temporal_RandomForest_limited_label_10pct,Edge-IIoTset,CICIoT2023,instant_temporal,RandomForest,limited_label_10pct,420,4200,1400,0.99532375,0.9981762233122873,0.805,0.7855459544383346,1.0,0.6809339236027919,0.8798944126704795,0.4819734345351044,0.6825,0.0,682.5,127,273,0,1000,0.21000000000000002
Edge-IIoTset_to_CICIoT2023_instant_behavioral_LogisticRegression_zero_shot,Edge-IIoTset,CICIoT2023,instant_behavioral,LogisticRegression,zero_shot,0,4200,1400,0.246215,0.5735379538016464,0.36714285714285716,0.5652173913043478,0.494,0.285205529342071,0.5272145144076841,0.04319654427645788,0.95,0.506,950.0,20,380,506,494,0.12
Edge-IIoTset_to_CICIoT2023_instant_behavioral_LogisticRegression_limited_label_1pct,Edge-IIoTset,CICIoT2023,instant_behavioral,LogisticRegression,limited_label_1pct,42,4200,1400,0.8425749999999999,0.8961820701929748,0.8228571428571428,0.8351158645276292,0.937,0.7586737062769858,0.883129123468426,0.6342182890855457,0.4625,0.063,462.5,215,185,63,937,0.3
Edge-IIoTset_to_CICIoT2023_instant_behavioral_LogisticRegression_limited_label_5pct,Edge-IIoTset,CICIoT2023,instant_behavioral,LogisticRegression,limited_label_5pct,210,4200,1400,0.952895,0.9823492325164539,0.8814285714285715,0.9009615384615385,0.937,0.8501031991744066,0.9186274509803921,0.781578947368421,0.2575,0.063,257.5,297,103,63,937,0.62
Edge-IIoTset_to_CICIoT2023_instant_behavioral_LogisticRegression_limited_label_10pct,Edge-IIoTset,CICIoT2023,instant_behavioral,LogisticRegression,limited_label_10pct,420,4200,1400,0.9744175,0.990435609880413,0.92,0.910351201478743,0.985,0.8951083568135417,0.9462055715658021,0.8440111420612814,0.2425,0.015,242.5,303,97,15,985,0.63
Edge-IIoTset_to_CICIoT2023_instant_behavioral_RandomForest_zero_shot,Edge-IIoTset,CICIoT2023,instant_behavioral,RandomForest,zero_shot,0,4200,1400,0.32355000000000006,0.5925402367458255,0.7142857142857143,0.7142857142857143,1.0,0.4166666666666667,0.8333333333333334,0.0,1.0,0.0,1000.0,0,400,0,1000,0.54
Edge-IIoTset_to_CICIoT2023_instant_behavioral_RandomForest_limited_label_1pct,Edge-IIoTset,CICIoT2023,instant_behavioral,RandomForest,limited_label_1pct,42,4200,1400,0.9781137499999999,0.9917484315960421,0.9014285714285715,0.8882882882882883,0.986,0.8672985781990521,0.9345971563981043,0.8,0.31,0.014,310.0,276,124,14,986,0.18000000000000002
Edge-IIoTset_to_CICIoT2023_instant_behavioral_RandomForest_limited_label_5pct,Edge-IIoTset,CICIoT2023,instant_behavioral,RandomForest,limited_label_5pct,210,4200,1400,0.9894324999999999,0.9960960344733235,0.7842857142857143,0.7688751926040062,0.998,0.6334938748053911,0.8685813751087903,0.398406374501992,0.75,0.002,750.0,100,300,2,998,0.25
Edge-IIoTset_to_CICIoT2023_instant_behavioral_RandomForest_limited_label_10pct,Edge-IIoTset,CICIoT2023,instant_behavioral,RandomForest,limited_label_10pct,420,4200,1400,0.9917150000000001,0.9969509097435426,0.7792857142857142,0.764345830145371,0.999,0.6196424850376006,0.8660598179453837,0.37322515212981744,0.77,0.001,770.0,92,308,1,999,0.24000000000000002
Edge-IIoTset_to_CICIoT2023_full_multilevel_LogisticRegression_zero_shot,Edge-IIoTset,CICIoT2023,full_multilevel,LogisticRegression,zero_shot,0,4200,1400,0.1235925,0.5241848212809448,0.6764285714285714,0.7030438010393467,0.947,0.40349382190029826,0.8069876438005965,0.0,1.0,0.053,1000.0,0,400,53,947,0.02
Edge-IIoTset_to_CICIoT2023_full_multilevel_LogisticRegression_limited_label_1pct,Edge-IIoTset,CICIoT2023,full_multilevel,LogisticRegression,limited_label_1pct,42,4200,1400,0.6995325000000001,0.7857962685276753,0.7492857142857143,0.8093422306959008,0.849,0.6806600472186426,0.828696925329429,0.5326231691078562,0.5,0.151,500.0,200,200,151,849,0.38
Edge-IIoTset_to_CICIoT2023_full_multilevel_LogisticRegression_limited_label_5pct,Edge-IIoTset,CICIoT2023,full_multilevel,LogisticRegression,limited_label_5pct,210,4200,1400,0.7354675,0.8739890653444344,0.6978571428571428,0.7573595004460303,0.849,0.5887954038408258,0.8005657708628006,0.37702503681885124,0.68,0.151,680.0,128,272,151,849,0.56
Edge-IIoTset_to_CICIoT2023_full_multilevel_LogisticRegression_limited_label_10pct,Edge-IIoTset,CICIoT2023,full_multilevel,LogisticRegression,limited_label_10pct,420,4200,1400,0.7996475000000001,0.8901826758403827,0.7514285714285714,0.7542901716068643,0.967,0.5878437596229007,0.8475021910604733,0.3281853281853282,0.7875,0.033,787.5,85,315,33,967,0.38
Edge-IIoTset_to_CICIoT2023_full_multilevel_RandomForest_zero_shot,Edge-IIoTset,CICIoT2023,full_multilevel,RandomForest,zero_shot,0,4200,1400,0.25959,0.6181043230212926,0.7142857142857143,0.7142857142857143,1.0,0.4166666666666667,0.8333333333333334,0.0,1.0,0.0,1000.0,0,400,0,1000,0.47000000000000003
Edge-IIoTset_to_CICIoT2023_full_multilevel_RandomForest_limited_label_1pct,Edge-IIoTset,CICIoT2023,full_multilevel,RandomForest,limited_label_1pct,42,4200,1400,0.9861987499999999,0.9943814472637794,0.7928571428571428,0.7751937984496124,1.0,0.6523674972172275,0.8733624454148472,0.43137254901960786,0.725,0.0,725.0,110,290,0,1000,0.2
Edge-IIoTset_to_CICIoT2023_full_multilevel_RandomForest_limited_label_5pct,Edge-IIoTset,CICIoT2023,full_multilevel,RandomForest,limited_label_5pct,210,4200,1400,0.9946125,0.9979567817805184,0.7378571428571429,0.731528895391368,1.0,0.49868817877845,0.8449514152936206,0.15242494226327943,0.9175,0.0,917.5,33,367,0,1000,0.27
Edge-IIoTset_to_CICIoT2023_full_multilevel_RandomForest_limited_label_10pct,Edge-IIoTset,CICIoT2023,full_multilevel,RandomForest,limited_label_10pct,420,4200,1400,0.9968462499999999,0.9987862488302345,0.77,0.75642965204236,1.0,0.5938431376788874,0.8613264427217916,0.3263598326359833,0.805,0.0,805.0,78,322,0,1000,0.24000000000000002
NF-ToN-IoT-v2_to_ToN-IoT_baseline_common_LogisticRegression_zero_shot,NF-ToN-IoT-v2,ToN-IoT,baseline_common,LogisticRegression,zero_shot,0,4200,1400,0.605,0.6852822774963908,0.7142857142857143,0.7142857142857143,1.0,0.4166666666666667,0.8333333333333334,0.0,1.0,0.0,1000.0,0,400,0,1000,0.01
NF-ToN-IoT-v2_to_ToN-IoT_baseline_common_LogisticRegression_limited_label_1pct,NF-ToN-IoT-v2,ToN-IoT,baseline_common,LogisticRegression,limited_label_1pct,42,4200,1400,0.605,0.6852822774963908,0.7142857142857143,0.7142857142857143,1.0,0.4166666666666667,0.8333333333333334,0.0,1.0,0.0,1000.0,0,400,0,1000,0.01
NF-ToN-IoT-v2_to_ToN-IoT_baseline_common_LogisticRegression_limited_label_5pct,NF-ToN-IoT-v2,ToN-IoT,baseline_common,LogisticRegression,limited_label_5pct,210,4200,1400,0.605,0.6852822774963908,0.7142857142857143,0.7142857142857143,1.0,0.4166666666666667,0.8333333333333334,0.0,1.0,0.0,1000.0,0,400,0,1000,0.01
NF-ToN-IoT-v2_to_ToN-IoT_baseline_common_LogisticRegression_limited_label_10pct,NF-ToN-IoT-v2,ToN-IoT,baseline_common,LogisticRegression,limited_label_10pct,420,4200,1400,0.605,0.6852822774963908,0.7142857142857143,0.7142857142857143,1.0,0.4166666666666667,0.8333333333333334,0.0,1.0,0.0,1000.0,0,400,0,1000,0.01
NF-ToN-IoT-v2_to_ToN-IoT_baseline_common_RandomForest_zero_shot,NF-ToN-IoT-v2,ToN-IoT,baseline_common,RandomForest,zero_shot,0,4200,1400,0.6975,0.9025764895330113,0.2857142857142857,0.0,0.0,0.2222222222222222,0.0,0.4444444444444444,0.0,1.0,0.0,400,0,1000,0,0.97
NF-ToN-IoT-v2_to_ToN-IoT_baseline_common_RandomForest_limited_label_1pct,NF-ToN-IoT-v2,ToN-IoT,baseline_common,RandomForest,limited_label_1pct,42,4200,1400,0.9977875,0.9992928335916047,0.9671428571428572,0.9604247104247104,0.995,0.958598627840237,0.9774066797642437,0.9397905759162304,0.1025,0.005,102.5,359,41,5,995,0.060000000000000005
NF-ToN-IoT-v2_to_ToN-IoT_baseline_common_RandomForest_limited_label_5pct,NF-ToN-IoT-v2,ToN-IoT,baseline_common,RandomForest,limited_label_5pct,210,4200,1400,0.999985,0.999994002985021,0.9764285714285714,0.968054211035818,1.0,0.9703715294768009,0.9837678307919331,0.9569752281616688,0.0825,0.0,82.5,367,33,0,1000,0.09999999999999999
NF-ToN-IoT-v2_to_ToN-IoT_baseline_common_RandomForest_limited_label_10pct,NF-ToN-IoT-v2,ToN-IoT,baseline_common,RandomForest,limited_label_10pct,420,4200,1400,1.0,1.0,0.99,0.9861932938856016,1.0,0.9876184772748522,0.9930486593843099,0.9821882951653944,0.035,0.0,35.0,386,14,0,1000,0.060000000000000005
NF-ToN-IoT-v2_to_ToN-IoT_instant_only_LogisticRegression_zero_shot,NF-ToN-IoT-v2,ToN-IoT,instant_only,LogisticRegression,zero_shot,0,4200,1400,0.7449975,0.7608261551592927,0.7142857142857143,0.7142857142857143,1.0,0.4166666666666667,0.8333333333333334,0.0,1.0,0.0,1000.0,0,400,0,1000,0.01
NF-ToN-IoT-v2_to_ToN-IoT_instant_only_LogisticRegression_limited_label_1pct,NF-ToN-IoT-v2,ToN-IoT,instant_only,LogisticRegression,limited_label_1pct,42,4200,1400,0.7046,0.7708895145278213,0.8685714285714285,0.8688969258589512,0.961,0.8237504481500639,0.912630579297246,0.7348703170028819,0.3625,0.039,362.5,255,145,39,961,0.63
NF-ToN-IoT-v2_to_ToN-IoT_instant_only_LogisticRegression_limited_label_5pct,NF-ToN-IoT-v2,ToN-IoT,instant_only,LogisticRegression,limited_label_5pct,210,4200,1400,0.7363000000000001,0.7947252799792184,0.88,0.8636363636363636,0.988,0.8327721150345833,0.9216417910447762,0.7439024390243902,0.39,0.012,390.0,244,156,12,988,0.32
NF-ToN-IoT-v2_to_ToN-IoT_instant_only_LogisticRegression_limited_label_10pct,NF-ToN-IoT-v2,ToN-IoT,instant_only,LogisticRegression,limited_label_10pct,420,4200,1400,0.7411249999999999,0.8030162202100675,0.88,0.8655536028119508,0.985,0.8338227272855734,0.921421889616464,0.7462235649546828,0.3825,0.015,382.5,247,153,15,985,0.29000000000000004
NF-ToN-IoT-v2_to_ToN-IoT_instant_only_RandomForest_zero_shot,NF-ToN-IoT-v2,ToN-IoT,instant_only,RandomForest,zero_shot,0,4200,1400,0.7449999999999999,0.5974760003456918,0.2857142857142857,0.0,0.0,0.2222222222222222,0.0,0.4444444444444444,0.0,1.0,0.0,400,0,1000,0,0.97
NF-ToN-IoT-v2_to_ToN-IoT_instant_only_RandomForest_limited_label_1pct,NF-ToN-IoT-v2,ToN-IoT,instant_only,RandomForest,limited_label_1pct,42,4200,1400,0.9999875,0.9999949924734263,0.9671428571428572,0.9560229445506692,1.0,0.9582545744948414,0.9775171065493646,0.9389920424403183,0.115,0.0,115.0,354,46,0,1000,0.21000000000000002
NF-ToN-IoT-v2_to_ToN-IoT_instant_only_RandomForest_limited_label_5pct,NF-ToN-IoT-v2,ToN-IoT,instant_only,RandomForest,limited_label_5pct,210,4200,1400,1.0,1.0,0.9807142857142858,0.9737098344693281,1.0,0.975875486877988,0.986679822397632,0.9650711513583441,0.0675,0.0,67.5,373,27,0,1000,0.17
NF-ToN-IoT-v2_to_ToN-IoT_instant_only_RandomForest_limited_label_10pct,NF-ToN-IoT-v2,ToN-IoT,instant_only,RandomForest,limited_label_10pct,420,4200,1400,1.0,1.0,0.9885714285714285,0.984251968503937,1.0,0.985827664399093,0.9920634920634921,0.9795918367346939,0.04,0.0,40.0,384,16,0,1000,0.08
NF-ToN-IoT-v2_to_ToN-IoT_instant_temporal_LogisticRegression_zero_shot,NF-ToN-IoT-v2,ToN-IoT,instant_temporal,LogisticRegression,zero_shot,0,4200,1400,0.7447725,0.7571734285135528,0.8907142857142857,0.9029495718363464,0.949,0.8605649398287591,0.9254022428083861,0.7957276368491322,0.255,0.051,255.0,298,102,51,949,0.52
NF-ToN-IoT-v2_to_ToN-IoT_instant_temporal_LogisticRegression_limited_label_1pct,NF-ToN-IoT-v2,ToN-IoT,instant_temporal,LogisticRegression,limited_label_1pct,42,4200,1400,0.719325,0.7472689923876008,0.81,0.7983739837398374,0.982,0.7070254110612855,0.8807174887892377,0.5333333333333333,0.62,0.018,620.0,152,248,18,982,0.27
NF-ToN-IoT-v2_to_ToN-IoT_instant_temporal_LogisticRegression_limited_label_5pct,NF-ToN-IoT-v2,ToN-IoT,instant_temporal,LogisticRegression,limited_label_5pct,210,4200,1400,0.7219975,0.7484867805962173,0.8307142857142857,0.8192468619246862,0.979,0.7501458988309267,0.8920273348519362,0.6082644628099173,0.54,0.021,540.0,184,216,21,979,0.33
NF-ToN-IoT-v2_to_ToN-IoT_instant_temporal_LogisticRegression_limited_label_10pct,NF-ToN-IoT-v2,ToN-IoT,instant_temporal,LogisticRegression,limited_label_10pct,420,4200,1400,0.7275249999999999,0.751547734533225,0.8492857142857143,0.8445414847161572,0.967,0.7897471485257744,0.9016317016317016,0.6778625954198473,0.445,0.033,445.0,222,178,33,967,0.41000000000000003
NF-ToN-IoT-v2_to_ToN-IoT_instant_temporal_RandomForest_zero_shot,NF-ToN-IoT-v2,ToN-IoT,instant_temporal,RandomForest,zero_shot,0,4200,1400,0.6597824999999999,0.6813061212049388,0.2842857142857143,0.0,0.0,0.22135706340378197,0.0,0.44271412680756395,0.005,1.0,5.0,398,2,1000,0,0.8
NF-ToN-IoT-v2_to_ToN-IoT_instant_temporal_RandomForest_limited_label_1pct,NF-ToN-IoT-v2,ToN-IoT,instant_temporal,RandomForest,limited_label_1pct,42,4200,1400,0.9999975,0.9999990004995005,0.9564285714285714,0.942507068803016,1.0,0.9439293693892438,0.970402717127608,0.9174560216508796,0.1525,0.0,152.5,339,61,0,1000,0.24000000000000002
NF-ToN-IoT-v2_to_ToN-IoT_instant_temporal_RandomForest_limited_label_5pct,NF-ToN-IoT-v2,ToN-IoT,instant_temporal,RandomForest,limited_label_5pct,210,4200,1400,1.0,1.0,0.9571428571428572,0.9433962264150944,1.0,0.9448963526633429,0.970873786407767,0.918918918918919,0.15,0.0,150.0,340,60,0,1000,0.18000000000000002
NF-ToN-IoT-v2_to_ToN-IoT_instant_temporal_RandomForest_limited_label_10pct,NF-ToN-IoT-v2,ToN-IoT,instant_temporal,RandomForest,limited_label_10pct,420,4200,1400,1.0,1.0,0.9807142857142858,0.9737098344693281,1.0,0.975875486877988,0.986679822397632,0.9650711513583441,0.0675,0.0,67.5,373,27,0,1000,0.17
NF-ToN-IoT-v2_to_ToN-IoT_instant_behavioral_LogisticRegression_zero_shot,NF-ToN-IoT-v2,ToN-IoT,instant_behavioral,LogisticRegression,zero_shot,0,4200,1400,0.746115,0.7578920700252286,0.7264285714285714,0.7230657989877078,1.0,0.4604064964562131,0.839278220730172,0.0815347721822542,0.9575,0.0,957.5,17,383,0,1000,0.09
NF-ToN-IoT-v2_to_ToN-IoT_instant_behavioral_LogisticRegression_limited_label_1pct,NF-ToN-IoT-v2,ToN-IoT,instant_behavioral,LogisticRegression,limited_label_1pct,42,4200,1400,0.13311,0.5273007818082857,0.7057142857142857,0.7230652503793626,0.953,0.48374439261203145,0.822260569456428,0.14522821576763487,0.9125,0.047,912.5,35,365,47,953,0.51
NF-ToN-IoT-v2_to_ToN-IoT_instant_behavioral_LogisticRegression_limited_label_5pct,NF-ToN-IoT-v2,ToN-IoT,instant_behavioral,LogisticRegression,limited_label_5pct,210,4200,1400,0.5552125,0.683071998095457,0.6985714285714286,0.7223076923076923,0.939,0.4862608695652174,0.8165217391304348,0.156,0.9025,0.061,902.5,39,361,61,939,0.44
NF-ToN-IoT-v2_to_ToN-IoT_instant_behavioral_LogisticRegression_limited_label_10pct,NF-ToN-IoT-v2,ToN-IoT,instant_behavioral,LogisticRegression,limited_label_10pct,420,4200,1400,0.631665,0.7076819970262485,0.84,0.8660377358490566,0.918,0.7942797166098137,0.8912621359223301,0.6972972972972973,0.355,0.082,355.0,258,142,82,918,0.6
NF-ToN-IoT-v2_to_ToN-IoT_instant_behavioral_RandomForest_zero_shot,NF-ToN-IoT-v2,ToN-IoT,instant_behavioral,RandomForest,zero_shot,0,4200,1400,0.016627500000000014,0.3889669195119503,0.2857142857142857,0.0,0.0,0.2222222222222222,0.0,0.4444444444444444,0.0,1.0,0.0,400,0,1000,0,0.77
NF-ToN-IoT-v2_to_ToN-IoT_instant_behavioral_RandomForest_limited_label_1pct,NF-ToN-IoT-v2,ToN-IoT,instant_behavioral,RandomForest,limited_label_1pct,42,4200,1400,0.9999974999999999,0.9999990004995005,0.9535714285714286,0.9389671361502347,1.0,0.9400438141358238,0.9685230024213075,0.9115646258503401,0.1625,0.0,162.5,335,65,0,1000,0.21000000000000002
NF-ToN-IoT-v2_to_ToN-IoT_instant_behavioral_RandomForest_limited_label_5pct,NF-ToN-IoT-v2,ToN-IoT,instant_behavioral,RandomForest,limited_label_5pct,210,4200,1400,1.0,1.0,0.96,0.946969696969697,1.0,0.9487469143550479,0.9727626459143969,0.9247311827956989,0.14,0.0,140.0,344,56,0,1000,0.15000000000000002
NF-ToN-IoT-v2_to_ToN-IoT_instant_behavioral_RandomForest_limited_label_10pct,NF-ToN-IoT-v2,ToN-IoT,instant_behavioral,RandomForest,limited_label_10pct,420,4200,1400,1.0,1.0,0.98,0.9727626459143969,1.0,0.9749619319168941,0.9861932938856016,0.9637305699481865,0.07,0.0,70.0,372,28,0,1000,0.12
NF-ToN-IoT-v2_to_ToN-IoT_full_multilevel_LogisticRegression_zero_shot,NF-ToN-IoT-v2,ToN-IoT,full_multilevel,LogisticRegression,zero_shot,0,4200,1400,0.74464,0.7571308161116973,0.9164285714285715,0.9039341262580055,0.988,0.889305700756411,0.9440993788819876,0.8345120226308345,0.2625,0.012,262.5,295,105,12,988,0.11
NF-ToN-IoT-v2_to_ToN-IoT_full_multilevel_LogisticRegression_limited_label_1pct,NF-ToN-IoT-v2,ToN-IoT,full_multilevel,LogisticRegression,limited_label_1pct,42,4200,1400,0.6772875,0.7321150465165712,0.695,0.7123795404002965,0.961,0.4357177984876331,0.8182205193699447,0.05321507760532151,0.97,0.039,970.0,12,388,39,961,0.24000000000000002
NF-ToN-IoT-v2_to_ToN-IoT_full_multilevel_LogisticRegression_limited_label_5pct,NF-ToN-IoT-v2,ToN-IoT,full_multilevel,LogisticRegression,limited_label_5pct,210,4200,1400,0.8530850000000001,0.8920111641207805,0.8692857142857143,0.8946859903381642,0.926,0.8354290118996002,0.9100737100737101,0.7607843137254902,0.2725,0.074,272.5,291,109,74,926,0.6900000000000001
NF-ToN-IoT-v2_to_ToN-IoT_full_multilevel_LogisticRegression_limited_label_10pct,NF-ToN-IoT-v2,ToN-IoT,full_multilevel,LogisticRegression,limited_label_10pct,420,4200,1400,0.9308125,0.946517711067691,0.8857142857142857,0.8947368421052632,0.952,0.8525446579036063,0.9224806201550387,0.782608695652174,0.28,0.048,280.0,288,112,48,952,0.46
NF-ToN-IoT-v2_to_ToN-IoT_full_multilevel_RandomForest_zero_shot,NF-ToN-IoT-v2,ToN-IoT,full_multilevel,RandomForest,zero_shot,0,4200,1400,0.013054999999999956,0.37120634741377656,0.2835714285714286,0.0,0.0,0.22092376182526433,0.0,0.44184752365052865,0.0075,1.0,7.5,397,3,1000,0,0.64
NF-ToN-IoT-v2_to_ToN-IoT_full_multilevel_RandomForest_limited_label_1pct,NF-ToN-IoT-v2,ToN-IoT,full_multilevel,RandomForest,limited_label_1pct,42,4200,1400,0.9999525,0.9999809899976368,0.9285714285714286,0.9090909090909091,1.0,0.9047619047619047,0.9523809523809523,0.8571428571428571,0.25,0.0,250.0,300,100,0,1000,0.17
NF-ToN-IoT-v2_to_ToN-IoT_full_multilevel_RandomForest_limited_label_5pct,NF-ToN-IoT-v2,ToN-IoT,full_multilevel,RandomForest,limited_label_5pct,210,4200,1400,0.999965,0.9999859929017392,0.96,0.946969696969697,1.0,0.9487469143550479,0.9727626459143969,0.9247311827956989,0.14,0.0,140.0,344,56,0,1000,0.21000000000000002
NF-ToN-IoT-v2_to_ToN-IoT_full_multilevel_RandomForest_limited_label_10pct,NF-ToN-IoT-v2,ToN-IoT,full_multilevel,RandomForest,limited_label_10pct,420,4200,1400,0.9999675000000001,0.9999869924333988,0.9685714285714285,0.9578544061302682,1.0,0.9601362615061244,0.9784735812133072,0.9417989417989417,0.11,0.0,110.0,356,44,0,1000,0.09999999999999999
NF-ToN-IoT-v2_to_Edge-IIoTset_baseline_common_LogisticRegression_zero_shot,NF-ToN-IoT-v2,Edge-IIoTset,baseline_common,LogisticRegression,zero_shot,0,4200,1400,0.45146250000000004,0.7293745215552723,0.7142857142857143,0.7142857142857143,1.0,0.4166666666666667,0.8333333333333334,0.0,1.0,0.0,1000.0,0,400,0,1000,0.01
NF-ToN-IoT-v2_to_Edge-IIoTset_baseline_common_LogisticRegression_limited_label_1pct,NF-ToN-IoT-v2,Edge-IIoTset,baseline_common,LogisticRegression,limited_label_1pct,42,4200,1400,0.45146250000000004,0.7293745215552723,0.45071428571428573,1.0,0.231,0.44259176707108017,0.3753046303818034,0.5098789037603569,0.0,0.769,0.0,400,0,769,231,0.66
NF-ToN-IoT-v2_to_Edge-IIoTset_baseline_common_LogisticRegression_limited_label_5pct,NF-ToN-IoT-v2,Edge-IIoTset,baseline_common,LogisticRegression,limited_label_5pct,210,4200,1400,0.45146250000000004,0.7293745215552723,0.7142857142857143,0.7142857142857143,1.0,0.4166666666666667,0.8333333333333334,0.0,1.0,0.0,1000.0,0,400,0,1000,0.01
NF-ToN-IoT-v2_to_Edge-IIoTset_baseline_common_LogisticRegression_limited_label_10pct,NF-ToN-IoT-v2,Edge-IIoTset,baseline_common,LogisticRegression,limited_label_10pct,420,4200,1400,0.5485375,0.8384954941060678,0.6685714285714286,0.7729124236252546,0.759,0.5993279367609217,0.7658930373360242,0.43276283618581907,0.5575,0.241,557.5,177,223,241,759,0.67
NF-ToN-IoT-v2_to_Edge-IIoTset_baseline_common_RandomForest_zero_shot,NF-ToN-IoT-v2,Edge-IIoTset,baseline_common,RandomForest,zero_shot,0,4200,1400,0.29046374999999997,0.5326540152152923,0.21285714285714286,0.2702702702702703,0.06,0.19992366396379016,0.09819967266775777,0.30164765525982257,0.405,0.94,405.0,238,162,940,60,0.97
NF-ToN-IoT-v2_to_Edge-IIoTset_baseline_common_RandomForest_limited_label_1pct,NF-ToN-IoT-v2,Edge-IIoTset,baseline_common,RandomForest,limited_label_1pct,42,4200,1400,0.6676562500000001,0.8495198581259018,0.7728571428571429,0.7980769230769231,0.913,0.6834615034583182,0.851679104477612,0.5152439024390244,0.5775,0.087,577.5,169,231,87,913,0.35000000000000003
NF-ToN-IoT-v2_to_Edge-IIoTset_baseline_common_RandomForest_limited_label_5pct,NF-ToN-IoT-v2,Edge-IIoTset,baseline_common,RandomForest,limited_label_5pct,210,4200,1400,0.76182875,0.9145953150668452,0.8142857142857143,0.8093645484949833,0.968,0.7255696691154296,0.8816029143897997,0.5695364238410596,0.57,0.032,570.0,172,228,32,968,0.42000000000000004
NF-ToN-IoT-v2_to_Edge-IIoTset_baseline_common_RandomForest_limited_label_10pct,NF-ToN-IoT-v2,Edge-IIoTset,baseline_common,RandomForest,limited_label_10pct,420,4200,1400,0.7630512500000001,0.9151812842111221,0.8185714285714286,0.8113522537562604,0.972,0.731256745032482,0.8844404003639672,0.5780730897009967,0.565,0.028,565.0,174,226,28,972,0.42000000000000004
NF-ToN-IoT-v2_to_Edge-IIoTset_instant_only_LogisticRegression_zero_shot,NF-ToN-IoT-v2,Edge-IIoTset,instant_only,LogisticRegression,zero_shot,0,4200,1400,0.572575,0.7195844195440598,0.7142857142857143,0.7142857142857143,1.0,0.4166666666666667,0.8333333333333334,0.0,1.0,0.0,1000.0,0,400,0,1000,0.01
NF-ToN-IoT-v2_to_Edge-IIoTset_instant_only_LogisticRegression_limited_label_1pct,NF-ToN-IoT-v2,Edge-IIoTset,instant_only,LogisticRegression,limited_label_1pct,42,4200,1400,0.547405,0.6935094478570842,0.605,0.72829417773238,0.713,0.5234985619405709,0.720565942395149,0.3264311814859927,0.665,0.287,665.0,134,266,287,713,0.62
NF-ToN-IoT-v2_to_Edge-IIoTset_instant_only_LogisticRegression_limited_label_5pct,NF-ToN-IoT-v2,Edge-IIoTset,instant_only,LogisticRegression,limited_label_5pct,210,4200,1400,0.64135,0.7843884780376132,0.7842857142857143,0.7814516129032258,0.969,0.6629464285714286,0.8651785714285715,0.4607142857142857,0.6775,0.031,677.5,129,271,31,969,0.51
NF-ToN-IoT-v2_to_Edge-IIoTset_instant_only_LogisticRegression_limited_label_10pct,NF-ToN-IoT-v2,Edge-IIoTset,instant_only,LogisticRegression,limited_label_10pct,420,4200,1400,0.6511975,0.7738778430287268,0.7614285714285715,0.7846153846153846,0.918,0.6579621095750128,0.8460829493087557,0.46984126984126984,0.63,0.082,630.0,148,252,82,918,0.5800000000000001
NF-ToN-IoT-v2_to_Edge-IIoTset_instant_only_RandomForest_zero_shot,NF-ToN-IoT-v2,Edge-IIoTset,instant_only,RandomForest,zero_shot,0,4200,1400,0.32814374999999996,0.5788292835983345,0.26857142857142857,0.0,0.0,0.21171171171171171,0.0,0.42342342342342343,0.06,1.0,60.0,376,24,1000,0,0.97
NF-ToN-IoT-v2_to_Edge-IIoTset_instant_only_RandomForest_limited_label_1pct,NF-ToN-IoT-v2,Edge-IIoTset,instant_only,RandomForest,limited_label_1pct,42,4200,1400,0.7230175,0.8142909768918468,0.8035714285714286,0.848893166506256,0.882,0.751881671402397,0.8651299656694458,0.6386333771353482,0.3925,0.118,392.5,243,157,118,882,0.38
NF-ToN-IoT-v2_to_Edge-IIoTset_instant_only_RandomForest_limited_label_5pct,NF-ToN-IoT-v2,Edge-IIoTset,instant_only,RandomForest,limited_label_5pct,210,4200,1400,0.761555,0.8686216113678896,0.84,0.8653483992467044,0.919,0.7939222845186744,0.8913676042677012,0.6964769647696477,0.3575,0.081,357.5,257,143,81,919,0.21000000000000002
NF-ToN-IoT-v2_to_Edge-IIoTset_instant_only_RandomForest_limited_label_10pct,NF-ToN-IoT-v2,Edge-IIoTset,instant_only,RandomForest,limited_label_10pct,420,4200,1400,0.74554,0.8484337851302789,0.8228571428571428,0.8657587548638133,0.89,0.7782342541210616,0.8777120315581854,0.6787564766839378,0.345,0.11,345.0,262,138,110,890,0.23
NF-ToN-IoT-v2_to_Edge-IIoTset_instant_temporal_LogisticRegression_zero_shot,NF-ToN-IoT-v2,Edge-IIoTset,instant_temporal,LogisticRegression,zero_shot,0,4200,1400,0.5229325,0.7067517439358286,0.7114285714285714,0.717201166180758,0.984,0.4428771808166932,0.8296795952782462,0.056074766355140186,0.97,0.016,970.0,12,388,16,984,0.52
NF-ToN-IoT-v2_to_Edge-IIoTset_instant_temporal_LogisticRegression_limited_label_1pct,NF-ToN-IoT-v2,Edge-IIoTset,instant_temporal,LogisticRegression,limited_label_1pct,42,4200,1400,0.44755249999999996,0.6641498409788773,0.5657142857142857,0.7050209205020921,0.674,0.48439120363639887,0.689161554192229,0.2796208530805687,0.705,0.326,705.0,118,282,326,674,0.75
NF-ToN-IoT-v2_to_Edge-IIoTset_instant_temporal_LogisticRegression_limited_label_5pct,NF-ToN-IoT-v2,Edge-IIoTset,instant_temporal,LogisticRegression,limited_label_5pct,210,4200,1400,0.5593125000000001,0.7485513038726715,0.7685714285714286,0.7739059967585089,0.955,0.6412652517628301,0.8549686660698299,0.4275618374558304,0.6975,0.045,697.5,121,279,45,955,0.54
NF-ToN-IoT-v2_to_Edge-IIoTset_instant_temporal_LogisticRegression_limited_label_10pct,NF-ToN-IoT-v2,Edge-IIoTset,instant_temporal,LogisticRegression,limited_label_10pct,420,4200,1400,0.6047575,0.785113306971009,0.7535714285714286,0.7768385460693153,0.919,0.6414016961774014,0.841960604672469,0.44084278768233387,0.66,0.081,660.0,136,264,81,919,0.59
NF-ToN-IoT-v2_to_Edge-IIoTset_instant_temporal_RandomForest_zero_shot,NF-ToN-IoT-v2,Edge-IIoTset,instant_temporal,RandomForest,zero_shot,0,4200,1400,0.39646375,0.6034731128135217,0.25357142857142856,0.0,0.0,0.2022792022792023,0.0,0.4045584045584046,0.1125,1.0,112.5,355,45,1000,0,0.8
NF-ToN-IoT-v2_to_Edge-IIoTset_instant_temporal_RandomForest_limited_label_1pct,NF-ToN-IoT-v2,Edge-IIoTset,instant_temporal,RandomForest,limited_label_1pct,42,4200,1400,0.9444162499999998,0.9770497633659218,0.8992857142857142,0.9117929050814957,0.951,0.8723611442493653,0.9309838472834068,0.8137384412153237,0.23,0.049,230.0,308,92,49,951,0.33
NF-ToN-IoT-v2_to_Edge-IIoTset_instant_temporal_RandomForest_limited_label_5pct,NF-ToN-IoT-v2,Edge-IIoTset,instant_temporal,RandomForest,limited_label_5pct,210,4200,1400,0.9768275,0.991691704146955,0.9357142857142857,0.990301724137931,0.919,0.9250542464501885,0.9533195020746889,0.8967889908256881,0.0225,0.081,22.5,391,9,81,919,0.29000000000000004
NF-ToN-IoT-v2_to_Edge-IIoTset_instant_temporal_RandomForest_limited_label_10pct,NF-ToN-IoT-v2,Edge-IIoTset,instant_temporal,RandomForest,limited_label_10pct,420,4200,1400,0.9756574999999998,0.9913283048267791,0.925,0.9858849077090119,0.908,0.9129435216655148,0.9453409682457053,0.8805460750853242,0.0325,0.092,32.5,387,13,92,908,0.36000000000000004
NF-ToN-IoT-v2_to_Edge-IIoTset_instant_behavioral_LogisticRegression_zero_shot,NF-ToN-IoT-v2,Edge-IIoTset,instant_behavioral,LogisticRegression,zero_shot,0,4200,1400,0.35881625,0.6015730508708272,0.7142857142857143,0.7142857142857143,1.0,0.4166666666666667,0.8333333333333334,0.0,1.0,0.0,1000.0,0,400,0,1000,0.09
NF-ToN-IoT-v2_to_Edge-IIoTset_instant_behavioral_LogisticRegression_limited_label_1pct,NF-ToN-IoT-v2,Edge-IIoTset,instant_behavioral,LogisticRegression,limited_label_1pct,42,4200,1400,0.9259825,0.9709078156611519,0.8442857142857143,0.9213362068965517,0.855,0.8184647302904564,0.8869294605809128,0.75,0.1825,0.145,182.5,327,73,145,855,0.99
NF-ToN-IoT-v2_to_Edge-IIoTset_instant_behavioral_LogisticRegression_limited_label_5pct,NF-ToN-IoT-v2,Edge-IIoTset,instant_behavioral,LogisticRegression,limited_label_5pct,210,4200,1400,0.9943974999999998,0.9983428514218369,0.99,0.9959758551307847,0.99,0.9878046048816425,0.9929789368104313,0.9826302729528535,0.01,0.01,10.0,396,4,10,990,0.9
NF-ToN-IoT-v2_to_Edge-IIoTset_instant_behavioral_LogisticRegression_limited_label_10pct,NF-ToN-IoT-v2,Edge-IIoTset,instant_behavioral,LogisticRegression,limited_label_10pct,420,4200,1400,0.9950525,0.9985797703219974,0.9842857142857143,0.983201581027668,0.995,0.9805734123179703,0.989065606361829,0.9720812182741116,0.0425,0.005,42.5,383,17,5,995,0.64
NF-ToN-IoT-v2_to_Edge-IIoTset_instant_behavioral_RandomForest_zero_shot,NF-ToN-IoT-v2,Edge-IIoTset,instant_behavioral,RandomForest,zero_shot,0,4200,1400,0.19305249999999996,0.5383347073494087,0.26857142857142857,0.0,0.0,0.21171171171171171,0.0,0.42342342342342343,0.06,1.0,60.0,376,24,1000,0,0.77
NF-ToN-IoT-v2_to_Edge-IIoTset_instant_behavioral_RandomForest_limited_label_1pct,NF-ToN-IoT-v2,Edge-IIoTset,instant_behavioral,RandomForest,limited_label_1pct,42,4200,1400,0.87279375,0.9174767667814374,0.9407142857142857,0.9241443108233117,0.999,0.9223386103423317,0.9601153291686689,0.8845618915159944,0.205,0.001,205.0,318,82,1,999,0.17
NF-ToN-IoT-v2_to_Edge-IIoTset_instant_behavioral_RandomForest_limited_label_5pct,NF-ToN-IoT-v2,Edge-IIoTset,instant_behavioral,RandomForest,limited_label_5pct,210,4200,1400,0.96353625,0.9798640971143593,0.9478571428571428,0.9319664492078286,1.0,0.9321863402586872,0.964785335262904,0.8995873452544704,0.1825,0.0,182.5,327,73,0,1000,0.2
NF-ToN-IoT-v2_to_Edge-IIoTset_instant_behavioral_RandomForest_limited_label_10pct,NF-ToN-IoT-v2,Edge-IIoTset,instant_behavioral,RandomForest,limited_label_10pct,420,4200,1400,0.9964112500000001,0.9982382590858505,0.9464285714285714,0.9310344827586207,0.999,0.9303284317726239,0.9638205499276411,0.8968363136176066,0.185,0.001,185.0,326,74,1,999,0.11
NF-ToN-IoT-v2_to_Edge-IIoTset_full_multilevel_LogisticRegression_zero_shot,NF-ToN-IoT-v2,Edge-IIoTset,full_multilevel,LogisticRegression,zero_shot,0,4200,1400,0.4424725,0.6393555455717972,0.7142857142857143,0.7142857142857143,1.0,0.4166666666666667,0.8333333333333334,0.0,1.0,0.0,1000.0,0,400,0,1000,0.11
NF-ToN-IoT-v2_to_Edge-IIoTset_full_multilevel_LogisticRegression_limited_label_1pct,NF-ToN-IoT-v2,Edge-IIoTset,full_multilevel,LogisticRegression,limited_label_1pct,42,4200,1400,0.9920575,0.9971493444532715,0.9407142857142857,0.938755980861244,0.981,0.9247397140497742,0.9594132029339854,0.8900662251655629,0.16,0.019,160.0,336,64,19,981,0.74
NF-ToN-IoT-v2_to_Edge-IIoTset_full_multilevel_LogisticRegression_limited_label_5pct,NF-ToN-IoT-v2,Edge-IIoTset,full_multilevel,LogisticRegression,limited_label_5pct,210,4200,1400,0.9990175,0.9996556621529269,0.9914285714285714,0.9930139720558883,0.995,0.9894842000105157,0.994005994005994,0.9849624060150376,0.0175,0.005,17.5,393,7,5,995,0.5
NF-ToN-IoT-v2_to_Edge-IIoTset_full_multilevel_LogisticRegression_limited_label_10pct,NF-ToN-IoT-v2,Edge-IIoTset,full_multilevel,LogisticRegression,limited_label_10pct,420,4200,1400,0.9996375000000001,0.999863352072537,0.9921428571428571,0.9910625620655412,0.998,0.9903239041664389,0.9945191828599901,0.9861286254728878,0.0225,0.002,22.5,391,9,2,998,0.36000000000000004
NF-ToN-IoT-v2_to_Edge-IIoTset_full_multilevel_RandomForest_zero_shot,NF-ToN-IoT-v2,Edge-IIoTset,full_multilevel,RandomForest,zero_shot,0,4200,1400,0.05738374999999997,0.5043892106456875,0.17,0.017857142857142856,0.003,0.14656359118990062,0.005136986301369863,0.28799019607843135,0.4125,0.997,412.5,235,165,997,3,0.64
NF-ToN-IoT-v2_to_Edge-IIoTset_full_multilevel_RandomForest_limited_label_1pct,NF-ToN-IoT-v2,Edge-IIoTset,full_multilevel,RandomForest,limited_label_1pct,42,4200,1400,0.912235,0.9490879453120794,0.945,0.9285051067780873,1.0,0.9282133037129972,0.9629272989889264,0.8934993084370678,0.1925,0.0,192.5,323,77,0,1000,0.2
NF-ToN-IoT-v2_to_Edge-IIoTset_full_multilevel_RandomForest_limited_label_5pct,NF-ToN-IoT-v2,Edge-IIoTset,full_multilevel,RandomForest,limited_label_5pct,210,4200,1400,0.9848,0.9920953560179588,0.9478571428571428,0.9335827876520112,0.998,0.9324270268090151,0.9647172547124214,0.9001367989056087,0.1775,0.002,177.5,329,71,2,998,0.18000000000000002
NF-ToN-IoT-v2_to_Edge-IIoTset_full_multilevel_RandomForest_limited_label_10pct,NF-ToN-IoT-v2,Edge-IIoTset,full_multilevel,RandomForest,limited_label_10pct,420,4200,1400,0.9978,0.9991379858724124,0.8992857142857142,0.8770851624231782,0.999,0.8603840922738084,0.9340813464235624,0.7866868381240545,0.35,0.001,350.0,260,140,1,999,0.11
NF-ToN-IoT-v2_to_CICIoT2023_baseline_common_LogisticRegression_zero_shot,NF-ToN-IoT-v2,CICIoT2023,baseline_common,LogisticRegression,zero_shot,0,4200,1400,0.577825,0.8468122929909379,0.7142857142857143,0.7142857142857143,1.0,0.4166666666666667,0.8333333333333334,0.0,1.0,0.0,1000.0,0,400,0,1000,0.01
NF-ToN-IoT-v2_to_CICIoT2023_baseline_common_LogisticRegression_limited_label_1pct,NF-ToN-IoT-v2,CICIoT2023,baseline_common,LogisticRegression,limited_label_1pct,42,4200,1400,0.7101600000000001,0.8778603434336791,0.7714285714285715,0.821969696969697,0.868,0.7071252248859881,0.8443579766536965,0.5698924731182796,0.47,0.132,470.0,212,188,132,868,0.47000000000000003
NF-ToN-IoT-v2_to_CICIoT2023_baseline_common_LogisticRegression_limited_label_5pct,NF-ToN-IoT-v2,CICIoT2023,baseline_common,LogisticRegression,limited_label_5pct,210,4200,1400,0.8582925,0.9471618265119078,0.785,0.9929478138222849,0.704,0.7739899673856904,0.8238736102984201,0.7241063244729606,0.0125,0.296,12.5,395,5,296,704,0.5700000000000001
NF-ToN-IoT-v2_to_CICIoT2023_baseline_common_LogisticRegression_limited_label_10pct,NF-ToN-IoT-v2,CICIoT2023,baseline_common,LogisticRegression,limited_label_10pct,420,4200,1400,0.9113625000000001,0.965894867121887,0.81,0.9421686746987952,0.782,0.790209002309729,0.8546448087431694,0.7257731958762886,0.12,0.218,120.0,352,48,218,782,0.54
NF-ToN-IoT-v2_to_CICIoT2023_baseline_common_RandomForest_zero_shot,NF-ToN-IoT-v2,CICIoT2023,baseline_common,RandomForest,zero_shot,0,4200,1400,0.58899875,0.8407992204585506,0.5392857142857143,0.9889807162534435,0.359,0.5389636945397065,0.5267791636096845,0.5511482254697286,0.01,0.641,10.0,396,4,641,359,0.97
NF-ToN-IoT-v2_to_CICIoT2023_baseline_common_RandomForest_limited_label_1pct,NF-ToN-IoT-v2,CICIoT2023,baseline_common,RandomForest,limited_label_1pct,42,4200,1400,0.9182337500000001,0.9623229053275468,0.8978571428571429,0.9164237123420796,0.943,0.8720242604159276,0.9295219319862001,0.814526588845655,0.215,0.057,215.0,314,86,57,943,0.29000000000000004
NF-ToN-IoT-v2_to_CICIoT2023_baseline_common_RandomForest_limited_label_5pct,NF-ToN-IoT-v2,CICIoT2023,baseline_common,RandomForest,limited_label_5pct,210,4200,1400,0.9622912499999999,0.9828778325989428,0.935,0.9374398460057748,0.974,0.9178953894458841,0.9553702795487984,0.8804204993429697,0.1625,0.026,162.5,335,65,26,974,0.34
NF-ToN-IoT-v2_to_CICIoT2023_baseline_common_RandomForest_limited_label_10pct,NF-ToN-IoT-v2,CICIoT2023,baseline_common,RandomForest,limited_label_10pct,420,4200,1400,0.9740137499999999,0.9889942948735482,0.9414285714285714,0.949119373776908,0.97,0.9270238176968513,0.9594460929772503,0.8946015424164524,0.13,0.03,130.0,348,52,30,970,0.4
NF-ToN-IoT-v2_to_CICIoT2023_instant_only_LogisticRegression_zero_shot,NF-ToN-IoT-v2,CICIoT2023,instant_only,LogisticRegression,zero_shot,0,4200,1400,0.8008074999999999,0.9192106473191273,0.7142857142857143,0.7142857142857143,1.0,0.4166666666666667,0.8333333333333334,0.0,1.0,0.0,1000.0,0,400,0,1000,0.01
NF-ToN-IoT-v2_to_CICIoT2023_instant_only_LogisticRegression_limited_label_1pct,NF-ToN-IoT-v2,CICIoT2023,instant_only,LogisticRegression,limited_label_1pct,42,4200,1400,0.8157025,0.9070085611269737,0.7978571428571428,0.8996655518394648,0.807,0.7687086505416549,0.8508170795993675,0.6866002214839424,0.225,0.193,225.0,310,90,193,807,0.39
NF-ToN-IoT-v2_to_CICIoT2023_instant_only_LogisticRegression_limited_label_5pct,NF-ToN-IoT-v2,CICIoT2023,instant_only,LogisticRegression,limited_label_5pct,210,4200,1400,0.9372925000000001,0.9767886337388801,0.89,0.9462025316455697,0.897,0.8700966924063201,0.9209445585215605,0.8192488262910798,0.1275,0.103,127.5,349,51,103,897,0.48000000000000004
NF-ToN-IoT-v2_to_CICIoT2023_instant_only_LogisticRegression_limited_label_10pct,NF-ToN-IoT-v2,CICIoT2023,instant_only,LogisticRegression,limited_label_10pct,420,4200,1400,0.9471575000000001,0.9812291788618834,0.8971428571428571,0.9582441113490364,0.895,0.879630580519738,0.9255429162357808,0.8337182448036952,0.0975,0.105,97.5,361,39,105,895,0.53
NF-ToN-IoT-v2_to_CICIoT2023_instant_only_RandomForest_zero_shot,NF-ToN-IoT-v2,CICIoT2023,instant_only,RandomForest,zero_shot,0,4200,1400,0.70961,0.8696768576629331,0.2857142857142857,0.0,0.0,0.2222222222222222,0.0,0.4444444444444444,0.0,1.0,0.0,400,0,1000,0,0.97
NF-ToN-IoT-v2_to_CICIoT2023_instant_only_RandomForest_limited_label_1pct,NF-ToN-IoT-v2,CICIoT2023,instant_only,RandomForest,limited_label_1pct,42,4200,1400,0.97147875,0.9895504927971294,0.8821428571428571,0.8731009830205541,0.977,0.8399211663718029,0.9221330816422841,0.7577092511013216,0.355,0.023,355.0,258,142,23,977,0.23
NF-ToN-IoT-v2_to_CICIoT2023_instant_only_RandomForest_limited_label_5pct,NF-ToN-IoT-v2,CICIoT2023,instant_only,RandomForest,limited_label_5pct,210,4200,1400,0.9921175000000001,0.9972572835602195,0.9478571428571428,0.9410085632730733,0.989,0.9334721608333296,0.9644076060458313,0.9025367156208278,0.155,0.011,155.0,338,62,11,989,0.26
NF-ToN-IoT-v2_to_CICIoT2023_instant_only_RandomForest_limited_label_10pct,NF-ToN-IoT-v2,CICIoT2023,instant_only,RandomForest,limited_label_10pct,420,4200,1400,0.99219125,0.9972956660892914,0.9507142857142857,0.94716618635927,0.986,0.9376419758585364,0.9661930426261637,0.9090909090909091,0.1375,0.014,137.5,345,55,14,986,0.29000000000000004
NF-ToN-IoT-v2_to_CICIoT2023_instant_temporal_LogisticRegression_zero_shot,NF-ToN-IoT-v2,CICIoT2023,instant_temporal,LogisticRegression,zero_shot,0,4200,1400,0.6903075000000001,0.878905923435485,0.35285714285714287,0.9895833333333334,0.095,0.3208337616942531,0.17335766423357665,0.46830985915492956,0.0025,0.905,2.5,399,1,905,95,0.52
NF-ToN-IoT-v2_to_CICIoT2023_instant_temporal_LogisticRegression_limited_label_1pct,NF-ToN-IoT-v2,CICIoT2023,instant_temporal,LogisticRegression,limited_label_1pct,42,4200,1400,0.5402100000000001,0.6966306954600486,0.49714285714285716,0.7596491228070176,0.433,0.48961731655533114,0.5515923566878981,0.4276422764227642,0.3425,0.567,342.5,263,137,567,433,0.3
NF-ToN-IoT-v2_to_CICIoT2023_instant_temporal_LogisticRegression_limited_label_5pct,NF-ToN-IoT-v2,CICIoT2023,instant_temporal,LogisticRegression,limited_label_5pct,210,4200,1400,0.653145,0.7727293987939496,0.6107142857142858,0.837037037037037,0.565,0.5950912106135986,0.6746268656716418,0.5155555555555555,0.275,0.435,275.0,290,110,435,565,0.48000000000000004
NF-ToN-IoT-v2_to_CICIoT2023_instant_temporal_LogisticRegression_limited_label_10pct,NF-ToN-IoT-v2,CICIoT2023,instant_temporal,LogisticRegression,limited_label_10pct,420,4200,1400,0.7261475,0.8328200752922272,0.6621428571428571,0.8685314685314686,0.621,0.6441267751340167,0.724198250728863,0.5640552995391706,0.235,0.379,235.0,306,94,379,621,0.55
NF-ToN-IoT-v2_to_CICIoT2023_instant_temporal_RandomForest_zero_shot,NF-ToN-IoT-v2,CICIoT2023,instant_temporal,RandomForest,zero_shot,0,4200,1400,0.4785425,0.6617319900843583,0.275,0.0,0.0,0.21568627450980393,0.0,0.43137254901960786,0.0375,1.0,37.5,385,15,1000,0,0.8
NF-ToN-IoT-v2_to_CICIoT2023_instant_temporal_RandomForest_limited_label_1pct,NF-ToN-IoT-v2,CICIoT2023,instant_temporal,RandomForest,limited_label_1pct,42,4200,1400,0.9549887499999999,0.983383167744792,0.7378571428571429,0.731528895391368,1.0,0.49868817877845,0.8449514152936206,0.15242494226327943,0.9175,0.0,917.5,33,367,0,1000,0.21000000000000002
NF-ToN-IoT-v2_to_CICIoT2023_instant_temporal_RandomForest_limited_label_5pct,NF-ToN-IoT-v2,CICIoT2023,instant_temporal,RandomForest,limited_label_5pct,210,4200,1400,0.9958312500000001,0.9985063902712008,0.7214285714285714,0.7194244604316546,1.0,0.4428002857434432,0.8368200836820083,0.04878048780487805,0.975,0.0,975.0,10,390,0,1000,0.2
NF-ToN-IoT-v2_to_CICIoT2023_instant_temporal_RandomForest_limited_label_10pct,NF-ToN-IoT-v2,CICIoT2023,instant_temporal,RandomForest,limited_label_10pct,420,4200,1400,0.9961824999999999,0.9986355314830075,0.7235714285714285,0.7209805335255948,1.0,0.45041290038556303,0.8378718056137411,0.06295399515738499,0.9675,0.0,967.5,13,387,0,1000,0.18000000000000002
NF-ToN-IoT-v2_to_CICIoT2023_instant_behavioral_LogisticRegression_zero_shot,NF-ToN-IoT-v2,CICIoT2023,instant_behavioral,LogisticRegression,zero_shot,0,4200,1400,0.6849774999999999,0.8818126237073746,0.6635714285714286,0.9664902998236331,0.548,0.6587152601480971,0.6994256541161455,0.6180048661800487,0.0475,0.452,47.5,381,19,452,548,0.09
NF-ToN-IoT-v2_to_CICIoT2023_instant_behavioral_LogisticRegression_limited_label_1pct,NF-ToN-IoT-v2,CICIoT2023,instant_behavioral,LogisticRegression,limited_label_1pct,42,4200,1400,0.7126075000000001,0.8679384060116824,0.6228571428571429,0.9259927797833934,0.513,0.6182378204850115,0.6602316602316602,0.5762439807383628,0.1025,0.487,102.5,359,41,487,513,0.29000000000000004
NF-ToN-IoT-v2_to_CICIoT2023_instant_behavioral_LogisticRegression_limited_label_5pct,NF-ToN-IoT-v2,CICIoT2023,instant_behavioral,LogisticRegression,limited_label_5pct,210,4200,1400,0.8176524999999999,0.9282280062753667,0.5085714285714286,0.9936708860759493,0.314,0.5067958937890692,0.47720364741641336,0.5363881401617251,0.005,0.686,5.0,398,2,686,314,0.73
NF-ToN-IoT-v2_to_CICIoT2023_instant_behavioral_LogisticRegression_limited_label_10pct,NF-ToN-IoT-v2,CICIoT2023,instant_behavioral,LogisticRegression,limited_label_10pct,420,4200,1400,0.8651374999999999,0.9487413931495547,0.6578571428571428,0.9887429643527205,0.527,0.6547411820249177,0.6875407697325505,0.6219415943172849,0.015,0.473,15.0,394,6,473,527,0.64
NF-ToN-IoT-v2_to_CICIoT2023_instant_behavioral_RandomForest_zero_shot,NF-ToN-IoT-v2,CICIoT2023,instant_behavioral,RandomForest,zero_shot,0,4200,1400,0.90007,0.9597428928724705,0.3142857142857143,1.0,0.04,0.26573426573426573,0.07692307692307693,0.45454545454545453,0.0,0.96,0.0,400,0,960,40,0.77
NF-ToN-IoT-v2_to_CICIoT2023_instant_behavioral_RandomForest_limited_label_1pct,NF-ToN-IoT-v2,CICIoT2023,instant_behavioral,RandomForest,limited_label_1pct,42,4200,1400,0.9784437500000001,0.9916041992759143,0.8242857142857143,0.8025682182985554,1.0,0.7232143144169659,0.8904719501335708,0.555956678700361,0.615,0.0,615.0,154,246,0,1000,0.14
NF-ToN-IoT-v2_to_CICIoT2023_instant_behavioral_RandomForest_limited_label_5pct,NF-ToN-IoT-v2,CICIoT2023,instant_behavioral,RandomForest,limited_label_5pct,210,4200,1400,0.9959300000000001,0.9985360584253266,0.7614285714285715,0.7496251874062968,1.0,0.5700799158548201,0.856898029134533,0.2832618025751073,0.835,0.0,835.0,66,334,0,1000,0.21000000000000002
NF-ToN-IoT-v2_to_CICIoT2023_instant_behavioral_RandomForest_limited_label_10pct,NF-ToN-IoT-v2,CICIoT2023,instant_behavioral,RandomForest,limited_label_10pct,420,4200,1400,0.9945724999999999,0.9981133207354616,0.7828571428571428,0.7672811059907834,0.999,0.6287495769350208,0.8679409209383145,0.3895582329317269,0.7575,0.001,757.5,97,303,1,999,0.23
NF-ToN-IoT-v2_to_CICIoT2023_full_multilevel_LogisticRegression_zero_shot,NF-ToN-IoT-v2,CICIoT2023,full_multilevel,LogisticRegression,zero_shot,0,4200,1400,0.6631925000000001,0.8730869275501727,0.6521428571428571,0.9638336347197106,0.533,0.6479380519686397,0.686413393432067,0.6094627105052125,0.05,0.467,50.0,380,20,467,533,0.11
NF-ToN-IoT-v2_to_CICIoT2023_full_multilevel_LogisticRegression_limited_label_1pct,NF-ToN-IoT-v2,CICIoT2023,full_multilevel,LogisticRegression,limited_label_1pct,42,4200,1400,0.51317,0.6972355817856102,0.49857142857142855,0.7450657894736842,0.453,0.4872533306621256,0.5634328358208955,0.4110738255033557,0.3875,0.547,387.5,245,155,547,453,0.25
NF-ToN-IoT-v2_to_CICIoT2023_full_multilevel_LogisticRegression_limited_label_5pct,NF-ToN-IoT-v2,CICIoT2023,full_multilevel,LogisticRegression,limited_label_5pct,210,4200,1400,0.593395,0.7635208622143176,0.4514285714285714,0.7829268292682927,0.321,0.4514005816623297,0.4553191489361702,0.4474820143884892,0.2225,0.679,222.5,311,89,679,321,0.6
NF-ToN-IoT-v2_to_CICIoT2023_full_multilevel_LogisticRegression_limited_label_10pct,NF-ToN-IoT-v2,CICIoT2023,full_multilevel,LogisticRegression,limited_label_10pct,420,4200,1400,0.6481124999999999,0.8002889353677376,0.5957142857142858,0.8488745980707395,0.528,0.5852863533879447,0.6510480887792849,0.5195246179966044,0.235,0.472,235.0,306,94,472,528,0.65
NF-ToN-IoT-v2_to_CICIoT2023_full_multilevel_RandomForest_zero_shot,NF-ToN-IoT-v2,CICIoT2023,full_multilevel,RandomForest,zero_shot,0,4200,1400,0.31787250000000006,0.5852167160064792,0.2392857142857143,0.32620320855614976,0.061,0.2212598667837301,0.10278011794439765,0.3397396156230626,0.315,0.939,315.0,274,126,939,61,0.64
NF-ToN-IoT-v2_to_CICIoT2023_full_multilevel_RandomForest_limited_label_1pct,NF-ToN-IoT-v2,CICIoT2023,full_multilevel,RandomForest,limited_label_1pct,42,4200,1400,0.9625512500000001,0.9854171437580028,0.7235714285714285,0.7209805335255948,1.0,0.45041290038556303,0.8378718056137411,0.06295399515738499,0.9675,0.0,967.5,13,387,0,1000,0.21000000000000002
NF-ToN-IoT-v2_to_CICIoT2023_full_multilevel_RandomForest_limited_label_5pct,NF-ToN-IoT-v2,CICIoT2023,full_multilevel,RandomForest,limited_label_5pct,210,4200,1400,0.9941200000000001,0.9978374433151902,0.7142857142857143,0.7142857142857143,1.0,0.4166666666666667,0.8333333333333334,0.0,1.0,0.0,1000.0,0,400,0,1000,0.2
NF-ToN-IoT-v2_to_CICIoT2023_full_multilevel_RandomForest_limited_label_10pct,NF-ToN-IoT-v2,CICIoT2023,full_multilevel,RandomForest,limited_label_10pct,420,4200,1400,0.9963762499999999,0.9986131049643353,0.7192857142857143,0.7178750897343862,1.0,0.43508451657218894,0.8357709987463435,0.0343980343980344,0.9825,0.0,982.5,7,393,0,1000,0.21000000000000002
CICIoT2023_to_ToN-IoT_baseline_common_LogisticRegression_zero_shot,CICIoT2023,ToN-IoT,baseline_common,LogisticRegression,zero_shot,0,4200,1400,0.015000000000000013,0.5021399449391166,0.7157142857142857,0.7153075822603719,1.0,0.42198930286017783,0.8340283569641368,0.009950248756218905,0.995,0.0,995.0,2,398,0,1000,0.38
CICIoT2023_to_ToN-IoT_baseline_common_LogisticRegression_limited_label_1pct,CICIoT2023,ToN-IoT,baseline_common,LogisticRegression,limited_label_1pct,42,4200,1400,0.015000000000000013,0.5021399449391166,0.715,0.7147962830593281,1.0,0.419334115731929,0.8336807002917882,0.004987531172069825,0.9975,0.0,997.5,1,399,0,1000,0.01
CICIoT2023_to_ToN-IoT_baseline_common_LogisticRegression_limited_label_5pct,CICIoT2023,ToN-IoT,baseline_common,LogisticRegression,limited_label_5pct,210,4200,1400,0.022499999999999964,0.5037844532029874,0.715,0.7147962830593281,1.0,0.419334115731929,0.8336807002917882,0.004987531172069825,0.9975,0.0,997.5,1,399,0,1000,0.01
CICIoT2023_to_ToN-IoT_baseline_common_LogisticRegression_limited_label_10pct,CICIoT2023,ToN-IoT,baseline_common,LogisticRegression,limited_label_10pct,420,4200,1400,0.02749999999999997,0.5048873920631877,0.715,0.7147962830593281,1.0,0.419334115731929,0.8336807002917882,0.004987531172069825,0.9975,0.0,997.5,1,399,0,1000,0.01
CICIoT2023_to_ToN-IoT_baseline_common_RandomForest_zero_shot,CICIoT2023,ToN-IoT,baseline_common,RandomForest,zero_shot,0,4200,1400,0.31469749999999996,0.35867980027048846,0.17642857142857143,0.0,0.0,0.14996964177292046,0.0,0.29993928354584093,0.3825,1.0,382.5,247,153,1000,0,0.5700000000000001
CICIoT2023_to_ToN-IoT_baseline_common_RandomForest_limited_label_1pct,CICIoT2023,ToN-IoT,baseline_common,RandomForest,limited_label_1pct,42,4200,1400,0.9949475,0.9980375454004915,0.96,0.9512428298279159,0.995,0.94917948199372,0.9726295210166178,0.9257294429708223,0.1275,0.005,127.5,349,51,5,995,0.34
CICIoT2023_to_ToN-IoT_baseline_common_RandomForest_limited_label_5pct,CICIoT2023,ToN-IoT,baseline_common,RandomForest,limited_label_5pct,210,4200,1400,0.99863125,0.9994515503010806,0.9664285714285714,0.9551098376313276,1.0,0.9573112857153052,0.9770395701025891,0.9375830013280213,0.1175,0.0,117.5,353,47,0,1000,0.39
CICIoT2023_to_ToN-IoT_baseline_common_RandomForest_limited_label_10pct,CICIoT2023,ToN-IoT,baseline_common,RandomForest,limited_label_10pct,420,4200,1400,0.99870875,0.9994825815991787,0.99,0.9861932938856016,1.0,0.9876184772748522,0.9930486593843099,0.9821882951653944,0.035,0.0,35.0,386,14,0,1000,0.26
CICIoT2023_to_ToN-IoT_instant_only_LogisticRegression_zero_shot,CICIoT2023,ToN-IoT,instant_only,LogisticRegression,zero_shot,0,4200,1400,0.7449899999999999,0.7572253020961103,0.715,0.7147962830593281,1.0,0.419334115731929,0.8336807002917882,0.004987531172069825,0.9975,0.0,997.5,1,399,0,1000,0.55
CICIoT2023_to_ToN-IoT_instant_only_LogisticRegression_limited_label_1pct,CICIoT2023,ToN-IoT,instant_only,LogisticRegression,limited_label_1pct,42,4200,1400,0.7273774999999999,0.7475809743140294,0.8907142857142857,0.8673026886383348,1.0,0.8462301622910701,0.9289363678588016,0.7635239567233385,0.3825,0.0,382.5,247,153,0,1000,0.81
CICIoT2023_to_ToN-IoT_instant_only_LogisticRegression_limited_label_5pct,CICIoT2023,ToN-IoT,instant_only,LogisticRegression,limited_label_5pct,210,4200,1400,0.7284349999999999,0.7480067853888731,0.9078571428571428,0.8891867739052726,0.995,0.8748474573452276,0.9391222274657858,0.8105726872246696,0.31,0.005,310.0,276,124,5,995,0.73
CICIoT2023_to_ToN-IoT_instant_only_LogisticRegression_limited_label_10pct,CICIoT2023,ToN-IoT,instant_only,LogisticRegression,limited_label_10pct,420,4200,1400,0.7322599999999999,0.7498832033124007,0.9192857142857143,0.8984725965858041,1.0,0.8910191364058773,0.9465215333648841,0.8355167394468704,0.2825,0.0,282.5,287,113,0,1000,0.53
CICIoT2023_to_ToN-IoT_instant_only_RandomForest_zero_shot,CICIoT2023,ToN-IoT,instant_only,RandomForest,zero_shot,0,4200,1400,0.6375,0.44883493850545636,0.8928571428571429,0.8695652173913043,1.0,0.8497316636851521,0.9302325581395349,0.7692307692307693,0.375,0.0,375.0,250,150,0,1000,0.5800000000000001
CICIoT2023_to_ToN-IoT_instant_only_RandomForest_limited_label_1pct,CICIoT2023,ToN-IoT,instant_only,RandomForest,limited_label_1pct,42,4200,1400,0.999905,0.9999619504384645,0.9642857142857143,0.9523809523809523,1.0,0.9544715447154472,0.975609756097561,0.9333333333333333,0.125,0.0,125.0,350,50,0,1000,0.32
CICIoT2023_to_ToN-IoT_instant_only_RandomForest_limited_label_5pct,CICIoT2023,ToN-IoT,instant_only,RandomForest,limited_label_5pct,210,4200,1400,0.9999775,0.9999910134596212,0.9828571428571429,0.9765625,1.0,0.9786072287192861,0.9881422924901185,0.9690721649484536,0.06,0.0,60.0,376,24,0,1000,0.27
CICIoT2023_to_ToN-IoT_instant_only_RandomForest_limited_label_10pct,CICIoT2023,ToN-IoT,instant_only,RandomForest,limited_label_10pct,420,4200,1400,1.0,1.0,0.9914285714285714,0.9881422924901185,1.0,0.9894036794461656,0.9940357852882704,0.9847715736040609,0.03,0.0,30.0,388,12,0,1000,0.29000000000000004
CICIoT2023_to_ToN-IoT_instant_temporal_LogisticRegression_zero_shot,CICIoT2023,ToN-IoT,instant_temporal,LogisticRegression,zero_shot,0,4200,1400,0.080995,0.5166408317757605,0.7157142857142857,0.7153075822603719,1.0,0.42198930286017783,0.8340283569641368,0.009950248756218905,0.995,0.0,995.0,2,398,0,1000,0.99
CICIoT2023_to_ToN-IoT_instant_temporal_LogisticRegression_limited_label_1pct,CICIoT2023,ToN-IoT,instant_temporal,LogisticRegression,limited_label_1pct,42,4200,1400,0.1790075,0.5401622817671966,0.7407142857142858,0.7336757153338225,1.0,0.5078590512971235,0.8463817181548878,0.16933638443935928,0.9075,0.0,907.5,37,363,0,1000,0.61
CICIoT2023_to_ToN-IoT_instant_temporal_LogisticRegression_limited_label_5pct,CICIoT2023,ToN-IoT,instant_temporal,LogisticRegression,limited_label_5pct,210,4200,1400,0.9618,0.9413078733123079,0.96,0.9777327935222672,0.966,0.9514327343370568,0.971830985915493,0.9310344827586207,0.055,0.034,55.0,378,22,34,966,0.9400000000000001
CICIoT2023_to_ToN-IoT_instant_temporal_LogisticRegression_limited_label_10pct,CICIoT2023,ToN-IoT,instant_temporal,LogisticRegression,limited_label_10pct,420,4200,1400,0.9645050000000001,0.943247554432163,0.975,0.9725759059745348,0.993,0.9688762220052732,0.9826818406729342,0.9550706033376123,0.07,0.007,70.0,372,28,7,993,0.7000000000000001
CICIoT2023_to_ToN-IoT_instant_temporal_RandomForest_zero_shot,CICIoT2023,ToN-IoT,instant_temporal,RandomForest,zero_shot,0,4200,1400,0.63751,0.45203494607276,0.8964285714285715,0.8733624454148472,1.0,0.8555134432997028,0.9324009324009324,0.7786259541984732,0.3625,0.0,362.5,255,145,0,1000,0.81
CICIoT2023_to_ToN-IoT_instant_temporal_RandomForest_limited_label_1pct,CICIoT2023,ToN-IoT,instant_temporal,RandomForest,limited_label_1pct,42,4200,1400,0.9993875,0.9997467322995011,0.9242857142857143,0.9041591320072333,1.0,0.8984649320864498,0.949667616334283,0.8472622478386167,0.265,0.0,265.0,294,106,0,1000,0.31
CICIoT2023_to_ToN-IoT_instant_temporal_RandomForest_limited_label_5pct,CICIoT2023,ToN-IoT,instant_temporal,RandomForest,limited_label_5pct,210,4200,1400,0.9986062499999999,0.9994230846243632,0.9735714285714285,0.9643201542912246,1.0,0.9666716208851838,0.9818360333824251,0.9515072083879423,0.0925,0.0,92.5,363,37,0,1000,0.27
CICIoT2023_to_ToN-IoT_instant_temporal_RandomForest_limited_label_10pct,CICIoT2023,ToN-IoT,instant_temporal,RandomForest,limited_label_10pct,420,4200,1400,1.0,1.0,0.9871428571428571,0.9823182711198428,1.0,0.9840311873445893,0.9910802775024777,0.9769820971867008,0.045,0.0,45.0,382,18,0,1000,0.31
CICIoT2023_to_ToN-IoT_instant_behavioral_LogisticRegression_zero_shot,CICIoT2023,ToN-IoT,instant_behavioral,LogisticRegression,zero_shot,0,4200,1400,0.678335,0.7211972570694778,0.25,0.1794871794871795,0.014,0.2081089642065252,0.025974025974025976,0.3902439024390244,0.16,0.986,160.0,336,64,986,14,0.99
CICIoT2023_to_ToN-IoT_instant_behavioral_LogisticRegression_limited_label_1pct,CICIoT2023,ToN-IoT,instant_behavioral,LogisticRegression,limited_label_1pct,42,4200,1400,0.6951675,0.7311403497836937,0.9035714285714286,0.8810572687224669,1.0,0.8668803155429557,0.936768149882904,0.7969924812030075,0.3375,0.0,337.5,265,135,0,1000,0.33
CICIoT2023_to_ToN-IoT_instant_behavioral_LogisticRegression_limited_label_5pct,CICIoT2023,ToN-IoT,instant_behavioral,LogisticRegression,limited_label_5pct,210,4200,1400,0.86631,0.8471673328892761,0.9421428571428572,0.9250693802035153,1.0,0.9242099691292633,0.9610764055742431,0.8873435326842837,0.2025,0.0,202.5,319,81,0,1000,0.81
CICIoT2023_to_ToN-IoT_instant_behavioral_LogisticRegression_limited_label_10pct,CICIoT2023,ToN-IoT,instant_behavioral,LogisticRegression,limited_label_10pct,420,4200,1400,0.90382,0.8777158823214981,0.9621428571428572,0.949667616334283,1.0,0.9516168261290006,0.974184120798831,0.92904953145917,0.1325,0.0,132.5,347,53,0,1000,0.73
CICIoT2023_to_ToN-IoT_instant_behavioral_RandomForest_zero_shot,CICIoT2023,ToN-IoT,instant_behavioral,RandomForest,zero_shot,0,4200,1400,0.6127825,0.5696085956464657,0.27714285714285714,0.125,0.002,0.21833621694149216,0.003937007874015748,0.4327354260089686,0.035,0.998,35.0,386,14,998,2,0.8
CICIoT2023_to_ToN-IoT_instant_behavioral_RandomForest_limited_label_1pct,CICIoT2023,ToN-IoT,instant_behavioral,RandomForest,limited_label_1pct,42,4200,1400,0.9995862499999999,0.9998283103067074,0.9335714285714286,0.9149130832570905,1.0,0.9120122236781729,0.9555661729574773,0.8684582743988685,0.2325,0.0,232.5,307,93,0,1000,0.21000000000000002
CICIoT2023_to_ToN-IoT_instant_behavioral_RandomForest_limited_label_5pct,CICIoT2023,ToN-IoT,instant_behavioral,RandomForest,limited_label_5pct,210,4200,1400,0.99976375,0.9999047309711178,0.95,0.9345794392523364,1.0,0.9351465819601614,0.966183574879227,0.9041095890410958,0.175,0.0,175.0,330,70,0,1000,0.12
CICIoT2023_to_ToN-IoT_instant_behavioral_RandomForest_limited_label_10pct,CICIoT2023,ToN-IoT,instant_behavioral,RandomForest,limited_label_10pct,420,4200,1400,0.999895,0.9999581907900719,0.985,0.9794319294809011,1.0,0.981325733203164,0.9896091044037605,0.9730423620025674,0.0525,0.0,52.5,379,21,0,1000,0.26
CICIoT2023_to_ToN-IoT_full_multilevel_LogisticRegression_zero_shot,CICIoT2023,ToN-IoT,full_multilevel,LogisticRegression,zero_shot,0,4200,1400,0.038045,0.5062491389871993,0.1,0.2410358565737052,0.121,0.09519715879597619,0.1611185086551265,0.029275808936825885,0.9525,0.879,952.5,19,381,879,121,0.99
CICIoT2023_to_ToN-IoT_full_multilevel_LogisticRegression_limited_label_1pct,CICIoT2023,ToN-IoT,full_multilevel,LogisticRegression,limited_label_1pct,42,4200,1400,0.6499025,0.7064522908267461,0.8578571428571429,0.8677685950413223,0.945,0.8124258136013502,0.9047391096218286,0.720112517580872,0.36,0.055,360.0,256,144,55,945,0.77
CICIoT2023_to_ToN-IoT_full_multilevel_LogisticRegression_limited_label_5pct,CICIoT2023,ToN-IoT,full_multilevel,LogisticRegression,limited_label_5pct,210,4200,1400,0.9124675,0.8855033528655603,0.96,0.946969696969697,1.0,0.9487469143550479,0.9727626459143969,0.9247311827956989,0.14,0.0,140.0,344,56,0,1000,0.52
CICIoT2023_to_ToN-IoT_full_multilevel_LogisticRegression_limited_label_10pct,CICIoT2023,ToN-IoT,full_multilevel,LogisticRegression,limited_label_10pct,420,4200,1400,0.9398375,0.913022457823679,0.9685714285714285,0.9578544061302682,1.0,0.9601362615061244,0.9784735812133072,0.9417989417989417,0.11,0.0,110.0,356,44,0,1000,0.67
CICIoT2023_to_ToN-IoT_full_multilevel_RandomForest_zero_shot,CICIoT2023,ToN-IoT,full_multilevel,RandomForest,zero_shot,0,4200,1400,0.63714,0.48719203770470326,0.28285714285714286,0.0,0.0,0.22048997772828507,0.0,0.44097995545657015,0.01,1.0,10.0,396,4,1000,0,0.88
CICIoT2023_to_ToN-IoT_full_multilevel_RandomForest_limited_label_1pct,CICIoT2023,ToN-IoT,full_multilevel,RandomForest,limited_label_1pct,42,4200,1400,0.99941875,0.9997605670061331,0.9378571428571428,0.9199632014719411,1.0,0.9181468665639358,0.9583133684714902,0.8779803646563815,0.2175,0.0,217.5,313,87,0,1000,0.27
CICIoT2023_to_ToN-IoT_full_multilevel_RandomForest_limited_label_5pct,CICIoT2023,ToN-IoT,full_multilevel,RandomForest,limited_label_5pct,210,4200,1400,0.9997675,0.9999059735727875,0.9442857142857143,0.9276437847866419,1.0,0.9272153333031175,0.9624639076034649,0.8919667590027701,0.195,0.0,195.0,322,78,0,1000,0.23
CICIoT2023_to_ToN-IoT_full_multilevel_RandomForest_limited_label_10pct,CICIoT2023,ToN-IoT,full_multilevel,RandomForest,limited_label_10pct,420,4200,1400,0.99991625,0.999966583772212,0.9792857142857143,0.9718172983479106,1.0,0.9740468779864468,0.9857072449482503,0.9623865110246433,0.0725,0.0,72.5,371,29,0,1000,0.24000000000000002
CICIoT2023_to_Edge-IIoTset_baseline_common_LogisticRegression_zero_shot,CICIoT2023,Edge-IIoTset,baseline_common,LogisticRegression,zero_shot,0,4200,1400,0.45146250000000004,0.7293745215552723,0.7142857142857143,0.7142857142857143,1.0,0.4166666666666667,0.8333333333333334,0.0,1.0,0.0,1000.0,0,400,0,1000,0.38
CICIoT2023_to_Edge-IIoTset_baseline_common_LogisticRegression_limited_label_1pct,CICIoT2023,Edge-IIoTset,baseline_common,LogisticRegression,limited_label_1pct,42,4200,1400,0.45146250000000004,0.7293745215552723,0.4514285714285714,0.9957264957264957,0.233,0.443606127784298,0.37763371150729336,0.5095785440613027,0.0025,0.767,2.5,399,1,767,233,0.97
CICIoT2023_to_Edge-IIoTset_baseline_common_LogisticRegression_limited_label_5pct,CICIoT2023,Edge-IIoTset,baseline_common,LogisticRegression,limited_label_5pct,210,4200,1400,0.45146250000000004,0.7293745215552723,0.4471428571428571,0.9708333333333333,0.233,0.4398263027295285,0.3758064516129032,0.5038461538461538,0.0175,0.767,17.5,393,7,767,233,0.9600000000000001
CICIoT2023_to_Edge-IIoTset_baseline_common_LogisticRegression_limited_label_10pct,CICIoT2023,Edge-IIoTset,baseline_common,LogisticRegression,limited_label_10pct,420,4200,1400,0.45146250000000004,0.7293745215552723,0.4514285714285714,0.9957264957264957,0.233,0.443606127784298,0.37763371150729336,0.5095785440613027,0.0025,0.767,2.5,399,1,767,233,0.9500000000000001
CICIoT2023_to_Edge-IIoTset_baseline_common_RandomForest_zero_shot,CICIoT2023,Edge-IIoTset,baseline_common,RandomForest,zero_shot,0,4200,1400,0.39925,0.6798489405331511,0.3314285714285714,0.5765550239234449,0.241,0.3313180342056544,0.33991537376586745,0.3227206946454414,0.4425,0.759,442.5,223,177,759,241,0.5700000000000001
CICIoT2023_to_Edge-IIoTset_baseline_common_RandomForest_limited_label_1pct,CICIoT2023,Edge-IIoTset,baseline_common,RandomForest,limited_label_1pct,42,4200,1400,0.7018887500000001,0.8912806856804479,0.7335714285714285,0.7905468025949953,0.853,0.6516248943433409,0.8205868205868206,0.4826629680998613,0.565,0.147,565.0,174,226,147,853,0.42000000000000004
CICIoT2023_to_Edge-IIoTset_baseline_common_RandomForest_limited_label_5pct,CICIoT2023,Edge-IIoTset,baseline_common,RandomForest,limited_label_5pct,210,4200,1400,0.77660375,0.9226171775161985,0.8321428571428572,0.8137817883511075,0.992,0.7448106984042524,0.8940964398377648,0.5955249569707401,0.5675,0.008,567.5,173,227,8,992,0.42000000000000004
CICIoT2023_to_Edge-IIoTset_baseline_common_RandomForest_limited_label_10pct,CICIoT2023,Edge-IIoTset,baseline_common,RandomForest,limited_label_10pct,420,4200,1400,0.78090625,0.9279405964698607,0.8328571428571429,0.8154859967051071,0.99,0.7474957684730431,0.8943089430894309,0.6006825938566553,0.56,0.01,560.0,176,224,10,990,0.42000000000000004
CICIoT2023_to_Edge-IIoTset_instant_only_LogisticRegression_zero_shot,CICIoT2023,Edge-IIoTset,instant_only,LogisticRegression,zero_shot,0,4200,1400,0.35271250000000004,0.6054436169301767,0.7142857142857143,0.7142857142857143,1.0,0.4166666666666667,0.8333333333333334,0.0,1.0,0.0,1000.0,0,400,0,1000,0.55
CICIoT2023_to_Edge-IIoTset_instant_only_LogisticRegression_limited_label_1pct,CICIoT2023,Edge-IIoTset,instant_only,LogisticRegression,limited_label_1pct,42,4200,1400,0.32319,0.5840931864657426,0.525,0.6776246023329798,0.639,0.44089154677263503,0.6577457539886773,0.22403733955659277,0.76,0.361,760.0,96,304,361,639,0.88
CICIoT2023_to_Edge-IIoTset_instant_only_LogisticRegression_limited_label_5pct,CICIoT2023,Edge-IIoTset,instant_only,LogisticRegression,limited_label_5pct,210,4200,1400,0.360395,0.5989461708518019,0.51,0.6748329621380846,0.606,0.43901738088173103,0.6385669125395153,0.2394678492239468,0.73,0.394,730.0,108,292,394,606,0.7000000000000001
CICIoT2023_to_Edge-IIoTset_instant_only_LogisticRegression_limited_label_10pct,CICIoT2023,Edge-IIoTset,instant_only,LogisticRegression,limited_label_10pct,420,4200,1400,0.3610725,0.5982503046799472,0.4785714285714286,0.6603325415676959,0.556,0.420843732078457,0.6036916395222585,0.23799582463465555,0.715,0.444,715.0,114,286,444,556,0.78
CICIoT2023_to_Edge-IIoTset_instant_only_RandomForest_zero_shot,CICIoT2023,Edge-IIoTset,instant_only,RandomForest,zero_shot,0,4200,1400,0.41342500000000004,0.6724087998254669,0.7142857142857143,0.7142857142857143,1.0,0.4166666666666667,0.8333333333333334,0.0,1.0,0.0,1000.0,0,400,0,1000,0.5800000000000001
CICIoT2023_to_Edge-IIoTset_instant_only_RandomForest_limited_label_1pct,CICIoT2023,Edge-IIoTset,instant_only,RandomForest,limited_label_1pct,42,4200,1400,0.73090125,0.8207099476691968,0.7871428571428571,0.8482142857142857,0.855,0.7376654996176908,0.851593625498008,0.6237373737373737,0.3825,0.145,382.5,247,153,145,855,0.4
CICIoT2023_to_Edge-IIoTset_instant_only_RandomForest_limited_label_5pct,CICIoT2023,Edge-IIoTset,instant_only,RandomForest,limited_label_5pct,210,4200,1400,0.79783125,0.8970731312354991,0.84,0.8639774859287055,0.921,0.7932004083236837,0.8915779283639884,0.6948228882833788,0.3625,0.079,362.5,255,145,79,921,0.29000000000000004
CICIoT2023_to_Edge-IIoTset_instant_only_RandomForest_limited_label_10pct,CICIoT2023,Edge-IIoTset,instant_only,RandomForest,limited_label_10pct,420,4200,1400,0.7697737499999999,0.8715672657117916,0.82,0.865234375,0.886,0.775375901552504,0.8754940711462451,0.6752577319587629,0.345,0.114,345.0,262,138,114,886,0.26
CICIoT2023_to_Edge-IIoTset_instant_temporal_LogisticRegression_zero_shot,CICIoT2023,Edge-IIoTset,instant_temporal,LogisticRegression,zero_shot,0,4200,1400,0.394565,0.6318566632265694,0.7142857142857143,0.7142857142857143,1.0,0.4166666666666667,0.8333333333333334,0.0,1.0,0.0,1000.0,0,400,0,1000,0.99
CICIoT2023_to_Edge-IIoTset_instant_temporal_LogisticRegression_limited_label_1pct,CICIoT2023,Edge-IIoTset,instant_temporal,LogisticRegression,limited_label_1pct,42,4200,1400,0.3024025,0.5871799442508993,0.5257142857142857,0.6775898520084567,0.641,0.4406348457533739,0.6587872559095581,0.2224824355971897,0.7625,0.359,762.5,95,305,359,641,0.86
CICIoT2023_to_Edge-IIoTset_instant_temporal_LogisticRegression_limited_label_5pct,CICIoT2023,Edge-IIoTset,instant_temporal,LogisticRegression,limited_label_5pct,210,4200,1400,0.30002999999999996,0.5856868170827358,0.4164285714285714,0.6436420722135008,0.41,0.39921137958148595,0.5009163103237629,0.29750644883920896,0.5675,0.59,567.5,173,227,590,410,0.78
CICIoT2023_to_Edge-IIoTset_instant_temporal_LogisticRegression_limited_label_10pct,CICIoT2023,Edge-IIoTset,instant_temporal,LogisticRegression,limited_label_10pct,420,4200,1400,0.29736749999999995,0.5830831590045327,0.4228571428571429,0.6528662420382165,0.41,0.4071328542318303,0.5036855036855037,0.310580204778157,0.545,0.59,545.0,182,218,590,410,0.81
CICIoT2023_to_Edge-IIoTset_instant_temporal_RandomForest_zero_shot,CICIoT2023,Edge-IIoTset,instant_temporal,RandomForest,zero_shot,0,4200,1400,0.2775125,0.6422791151411794,0.7142857142857143,0.7142857142857143,1.0,0.4166666666666667,0.8333333333333334,0.0,1.0,0.0,1000.0,0,400,0,1000,0.81
CICIoT2023_to_Edge-IIoTset_instant_temporal_RandomForest_limited_label_1pct,CICIoT2023,Edge-IIoTset,instant_temporal,RandomForest,limited_label_1pct,42,4200,1400,0.9470999999999998,0.9787896005770056,0.8992857142857142,0.9231527093596059,0.937,0.8752034897504386,0.9300248138957816,0.8203821656050956,0.195,0.063,195.0,322,78,63,937,0.29000000000000004
CICIoT2023_to_Edge-IIoTset_instant_temporal_RandomForest_limited_label_5pct,CICIoT2023,Edge-IIoTset,instant_temporal,RandomForest,limited_label_5pct,210,4200,1400,0.9676725000000002,0.9893985655545592,0.9342857142857143,0.9829787234042553,0.924,0.9228002877007911,0.9525773195876288,0.8930232558139535,0.04,0.076,40.0,384,16,76,924,0.23
CICIoT2023_to_Edge-IIoTset_instant_temporal_RandomForest_limited_label_10pct,CICIoT2023,Edge-IIoTset,instant_temporal,RandomForest,limited_label_10pct,420,4200,1400,0.9778087500000001,0.992310148603546,0.9285714285714286,0.9828326180257511,0.916,0.9165163961797903,0.94824016563147,0.8847926267281107,0.04,0.084,40.0,384,16,84,916,0.32
CICIoT2023_to_Edge-IIoTset_instant_behavioral_LogisticRegression_zero_shot,CICIoT2023,Edge-IIoTset,instant_behavioral,LogisticRegression,zero_shot,0,4200,1400,0.4269125,0.648747194517565,0.2885714285714286,0.55,0.022,0.2381993006993007,0.04230769230769231,0.4340909090909091,0.045,0.978,45.0,382,18,978,22,0.99
CICIoT2023_to_Edge-IIoTset_instant_behavioral_LogisticRegression_limited_label_1pct,CICIoT2023,Edge-IIoTset,instant_behavioral,LogisticRegression,limited_label_1pct,42,4200,1400,0.980275,0.9683638456631166,0.9742857142857143,0.9661508704061895,0.999,0.9676517479609048,0.9823008849557522,0.9530026109660574,0.0875,0.001,87.5,365,35,1,999,0.46
CICIoT2023_to_Edge-IIoTset_instant_behavioral_LogisticRegression_limited_label_5pct,CICIoT2023,Edge-IIoTset,instant_behavioral,LogisticRegression,limited_label_5pct,210,4200,1400,0.9920325,0.9896409960475684,0.9764285714285714,0.968054211035818,1.0,0.9703715294768009,0.9837678307919331,0.9569752281616688,0.0825,0.0,82.5,367,33,0,1000,0.27
CICIoT2023_to_Edge-IIoTset_instant_behavioral_LogisticRegression_limited_label_10pct,CICIoT2023,Edge-IIoTset,instant_behavioral,LogisticRegression,limited_label_10pct,420,4200,1400,0.996095,0.9955031873958331,0.9921428571428571,0.9891196834817013,1.0,0.9902941930913562,0.9945300845350572,0.9860583016476553,0.0275,0.0,27.5,389,11,0,1000,0.76
CICIoT2023_to_Edge-IIoTset_instant_behavioral_RandomForest_zero_shot,CICIoT2023,Edge-IIoTset,instant_behavioral,RandomForest,zero_shot,0,4200,1400,0.43009,0.6695229346649576,0.2857142857142857,0.5,0.007,0.22694814589034593,0.013806706114398421,0.4400895856662934,0.0175,0.993,17.5,393,7,993,7,0.8
CICIoT2023_to_Edge-IIoTset_instant_behavioral_RandomForest_limited_label_1pct,CICIoT2023,Edge-IIoTset,instant_behavioral,RandomForest,limited_label_1pct,42,4200,1400,0.9801325,0.9797466548430467,0.8428571428571429,0.819672131147541,1.0,0.7607952780366574,0.9009009009009009,0.6206896551724138,0.55,0.0,550.0,180,220,0,1000,0.060000000000000005
CICIoT2023_to_Edge-IIoTset_instant_behavioral_RandomForest_limited_label_5pct,CICIoT2023,Edge-IIoTset,instant_behavioral,RandomForest,limited_label_5pct,210,4200,1400,0.98811,0.9871941812466097,0.9485714285714286,0.9328358208955224,1.0,0.9331749331749332,0.9652509652509652,0.9010989010989011,0.18,0.0,180.0,328,72,0,1000,0.11
CICIoT2023_to_Edge-IIoTset_instant_behavioral_RandomForest_limited_label_10pct,CICIoT2023,Edge-IIoTset,instant_behavioral,RandomForest,limited_label_10pct,420,4200,1400,0.9970187500000001,0.9931244321604736,0.9507142857142857,0.9354536950420954,1.0,0.9361296554770142,0.9666505558240696,0.905608755129959,0.1725,0.0,172.5,331,69,0,1000,0.14
CICIoT2023_to_Edge-IIoTset_full_multilevel_LogisticRegression_zero_shot,CICIoT2023,Edge-IIoTset,full_multilevel,LogisticRegression,zero_shot,0,4200,1400,0.598505,0.740960797002044,0.69,0.7105654761904762,0.955,0.43154601520867014,0.8148464163822525,0.04824561403508772,0.9725,0.045,972.5,11,389,45,955,0.99
CICIoT2023_to_Edge-IIoTset_full_multilevel_LogisticRegression_limited_label_1pct,CICIoT2023,Edge-IIoTset,full_multilevel,LogisticRegression,limited_label_1pct,42,4200,1400,0.9840225,0.976205569482173,0.9757142857142858,0.9680232558139535,0.999,0.9694984416010499,0.9832677165354331,0.9557291666666666,0.0825,0.001,82.5,367,33,1,999,0.48000000000000004
CICIoT2023_to_Edge-IIoTset_full_multilevel_LogisticRegression_limited_label_5pct,CICIoT2023,Edge-IIoTset,full_multilevel,LogisticRegression,limited_label_5pct,210,4200,1400,0.992855,0.9903636502500613,0.9807142857142858,0.9737098344693281,1.0,0.975875486877988,0.986679822397632,0.9650711513583441,0.0675,0.0,67.5,373,27,0,1000,0.2
CICIoT2023_to_Edge-IIoTset_full_multilevel_LogisticRegression_limited_label_10pct,CICIoT2023,Edge-IIoTset,full_multilevel,LogisticRegression,limited_label_10pct,420,4200,1400,0.9978525,0.9989484517762024,0.9914285714285714,0.9881422924901185,1.0,0.9894036794461656,0.9940357852882704,0.9847715736040609,0.03,0.0,30.0,388,12,0,1000,0.61
CICIoT2023_to_Edge-IIoTset_full_multilevel_RandomForest_zero_shot,CICIoT2023,Edge-IIoTset,full_multilevel,RandomForest,zero_shot,0,4200,1400,0.30251249999999996,0.603239818392388,0.2842857142857143,0.25,0.001,0.22204278653759127,0.00199203187250996,0.4420935412026726,0.0075,0.999,7.5,397,3,999,1,0.88
CICIoT2023_to_Edge-IIoTset_full_multilevel_RandomForest_limited_label_1pct,CICIoT2023,Edge-IIoTset,full_multilevel,RandomForest,limited_label_1pct,42,4200,1400,0.99100375,0.9868148968141309,0.8971428571428571,0.8741258741258742,1.0,0.8566618128867856,0.9328358208955224,0.7804878048780488,0.36,0.0,360.0,256,144,0,1000,0.11
CICIoT2023_to_Edge-IIoTset_full_multilevel_RandomForest_limited_label_5pct,CICIoT2023,Edge-IIoTset,full_multilevel,RandomForest,limited_label_5pct,210,4200,1400,0.98795875,0.9852581899310622,0.9492857142857143,0.9337068160597572,1.0,0.93416167745978,0.9657170449058425,0.9026063100137174,0.1775,0.0,177.5,329,71,0,1000,0.12
CICIoT2023_to_Edge-IIoTset_full_multilevel_RandomForest_limited_label_10pct,CICIoT2023,Edge-IIoTset,full_multilevel,RandomForest,limited_label_10pct,420,4200,1400,0.99735125,0.9932753100680518,0.9721428571428572,0.9633558341369335,0.999,0.9648700868789775,0.9808541973490427,0.9488859764089121,0.095,0.001,95.0,362,38,1,999,0.15000000000000002
CICIoT2023_to_NF-ToN-IoT-v2_baseline_common_LogisticRegression_zero_shot,CICIoT2023,NF-ToN-IoT-v2,baseline_common,LogisticRegression,zero_shot,0,4200,1400,0.7602325,0.694688226439831,0.7114285714285714,0.7134670487106017,0.996,0.41569282136894825,0.8313856427378965,0.0,1.0,0.004,1000.0,0,400,4,996,0.38
CICIoT2023_to_NF-ToN-IoT-v2_baseline_common_LogisticRegression_limited_label_1pct,CICIoT2023,NF-ToN-IoT-v2,baseline_common,LogisticRegression,limited_label_1pct,42,4200,1400,0.7602325,0.694688226439831,0.28,0.0,0.0,0.21875,0.0,0.4375,0.02,1.0,20.0,392,8,1000,0,0.97
CICIoT2023_to_NF-ToN-IoT-v2_baseline_common_LogisticRegression_limited_label_5pct,CICIoT2023,NF-ToN-IoT-v2,baseline_common,LogisticRegression,limited_label_5pct,210,4200,1400,0.7602325,0.694688226439831,0.28,0.0,0.0,0.21875,0.0,0.4375,0.02,1.0,20.0,392,8,1000,0,0.9400000000000001
CICIoT2023_to_NF-ToN-IoT-v2_baseline_common_LogisticRegression_limited_label_10pct,CICIoT2023,NF-ToN-IoT-v2,baseline_common,LogisticRegression,limited_label_10pct,420,4200,1400,0.7602325,0.694688226439831,0.28,0.0,0.0,0.21875,0.0,0.4375,0.02,1.0,20.0,392,8,1000,0,0.92
CICIoT2023_to_NF-ToN-IoT-v2_baseline_common_RandomForest_zero_shot,CICIoT2023,NF-ToN-IoT-v2,baseline_common,RandomForest,zero_shot,0,4200,1400,0.498,0.8561620957838724,0.7142857142857143,0.7142857142857143,1.0,0.4166666666666667,0.8333333333333334,0.0,1.0,0.0,1000.0,0,400,0,1000,0.5700000000000001
CICIoT2023_to_NF-ToN-IoT-v2_baseline_common_RandomForest_limited_label_1pct,CICIoT2023,NF-ToN-IoT-v2,baseline_common,RandomForest,limited_label_1pct,42,4200,1400,0.97902875,0.9907878130391118,0.9842857142857143,0.9784735812133072,1.0,0.9804210242601309,0.9891196834817013,0.9717223650385605,0.055,0.0,55.0,378,22,0,1000,0.41000000000000003
CICIoT2023_to_NF-ToN-IoT-v2_baseline_common_RandomForest_limited_label_5pct,CICIoT2023,NF-ToN-IoT-v2,baseline_common,RandomForest,limited_label_5pct,210,4200,1400,0.97644,0.9907051902852193,0.9214285714285714,0.9038112522686026,0.996,0.8950378817826656,0.9476688867745005,0.8424068767908309,0.265,0.004,265.0,294,106,4,996,0.41000000000000003
CICIoT2023_to_NF-ToN-IoT-v2_baseline_common_RandomForest_limited_label_10pct,CICIoT2023,NF-ToN-IoT-v2,baseline_common,RandomForest,limited_label_10pct,420,4200,1400,0.9857449999999999,0.9870470850293698,0.9271428571428572,0.9104204753199269,0.996,0.9034067388004579,0.9512893982808023,0.8555240793201133,0.245,0.004,245.0,302,98,4,996,0.4
CICIoT2023_to_NF-ToN-IoT-v2_instant_only_LogisticRegression_zero_shot,CICIoT2023,NF-ToN-IoT-v2,instant_only,LogisticRegression,zero_shot,0,4200,1400,0.09622999999999998,0.45343278130490605,0.7114285714285714,0.7134670487106017,0.996,0.41569282136894825,0.8313856427378965,0.0,1.0,0.004,1000.0,0,400,4,996,0.55
CICIoT2023_to_NF-ToN-IoT-v2_instant_only_LogisticRegression_limited_label_1pct,CICIoT2023,NF-ToN-IoT-v2,instant_only,LogisticRegression,limited_label_1pct,42,4200,1400,0.09632999999999997,0.4567558302878865,0.2792857142857143,0.32,0.008,0.22357952593610445,0.015609756097560976,0.4315492957746479,0.0425,0.992,42.5,383,17,992,8,0.91
CICIoT2023_to_NF-ToN-IoT-v2_instant_only_LogisticRegression_limited_label_5pct,CICIoT2023,NF-ToN-IoT-v2,instant_only,LogisticRegression,limited_label_5pct,210,4200,1400,0.09632999999999997,0.4567558302878865,0.2985714285714286,0.5409090909090909,0.119,0.2867814899356713,0.19508196721311474,0.37848101265822787,0.2525,0.881,252.5,299,101,881,119,0.54
CICIoT2023_to_NF-ToN-IoT-v2_instant_only_LogisticRegression_limited_label_10pct,CICIoT2023,NF-ToN-IoT-v2,instant_only,LogisticRegression,limited_label_10pct,420,4200,1400,0.09632999999999997,0.4567558302878865,0.2985714285714286,0.5409090909090909,0.119,0.2867814899356713,0.19508196721311474,0.37848101265822787,0.2525,0.881,252.5,299,101,881,119,0.63
CICIoT2023_to_NF-ToN-IoT-v2_instant_only_RandomForest_zero_shot,CICIoT2023,NF-ToN-IoT-v2,instant_only,RandomForest,zero_shot,0,4200,1400,0.43020125000000004,0.6026532306280158,0.7114285714285714,0.7134670487106017,0.996,0.41569282136894825,0.8313856427378965,0.0,1.0,0.004,1000.0,0,400,4,996,0.5800000000000001
CICIoT2023_to_NF-ToN-IoT-v2_instant_only_RandomForest_limited_label_1pct,CICIoT2023,NF-ToN-IoT-v2,instant_only,RandomForest,limited_label_1pct,42,4200,1400,0.9877975,0.9947066594477987,0.9842857142857143,0.9784735812133072,1.0,0.9804210242601309,0.9891196834817013,0.9717223650385605,0.055,0.0,55.0,378,22,0,1000,0.41000000000000003
CICIoT2023_to_NF-ToN-IoT-v2_instant_only_RandomForest_limited_label_5pct,CICIoT2023,NF-ToN-IoT-v2,instant_only,RandomForest,limited_label_5pct,210,4200,1400,0.99081625,0.9963121233202167,0.9242857142857143,0.9041591320072333,1.0,0.8984649320864498,0.949667616334283,0.8472622478386167,0.265,0.0,265.0,294,106,0,1000,0.41000000000000003
CICIoT2023_to_NF-ToN-IoT-v2_instant_only_RandomForest_limited_label_10pct,CICIoT2023,NF-ToN-IoT-v2,instant_only,RandomForest,limited_label_10pct,420,4200,1400,0.989585,0.9880637679197499,0.93,0.9107468123861566,1.0,0.9068438534596781,0.9532888465204957,0.8603988603988604,0.245,0.0,245.0,302,98,0,1000,0.34
CICIoT2023_to_NF-ToN-IoT-v2_instant_temporal_LogisticRegression_zero_shot,CICIoT2023,NF-ToN-IoT-v2,instant_temporal,LogisticRegression,zero_shot,0,4200,1400,0.21035875,0.5646982214143975,0.6428571428571429,0.6923076923076923,0.9,0.391304347826087,0.782608695652174,0.0,1.0,0.1,1000.0,0,400,100,900,0.99
CICIoT2023_to_NF-ToN-IoT-v2_instant_temporal_LogisticRegression_limited_label_1pct,CICIoT2023,NF-ToN-IoT-v2,instant_temporal,LogisticRegression,limited_label_1pct,42,4200,1400,0.23341374999999998,0.5780015144524278,0.29285714285714287,0.5423728813559322,0.064,0.26295257158293966,0.11449016100178891,0.4114149821640904,0.135,0.936,135.0,346,54,936,64,0.99
CICIoT2023_to_NF-ToN-IoT-v2_instant_temporal_LogisticRegression_limited_label_5pct,CICIoT2023,NF-ToN-IoT-v2,instant_temporal,LogisticRegression,limited_label_5pct,210,4200,1400,0.24169875000000002,0.5831776383053495,0.3292857142857143,0.5800524934383202,0.221,0.3291621569074712,0.32005792903692976,0.3382663847780127,0.4,0.779,400.0,240,160,779,221,0.7000000000000001
CICIoT2023_to_NF-ToN-IoT-v2_instant_temporal_LogisticRegression_limited_label_10pct,CICIoT2023,NF-ToN-IoT-v2,instant_temporal,LogisticRegression,limited_label_10pct,420,4200,1400,0.29644625,0.605080540065792,0.32857142857142857,0.5980392156862745,0.183,0.32553081135158296,0.28024502297090353,0.3708165997322624,0.3075,0.817,307.5,277,123,817,183,0.73
CICIoT2023_to_NF-ToN-IoT-v2_instant_temporal_RandomForest_zero_shot,CICIoT2023,NF-ToN-IoT-v2,instant_temporal,RandomForest,zero_shot,0,4200,1400,0.5651450000000001,0.7311393672945228,0.6428571428571429,0.6923076923076923,0.9,0.391304347826087,0.782608695652174,0.0,1.0,0.1,1000.0,0,400,100,900,0.81
CICIoT2023_to_NF-ToN-IoT-v2_instant_temporal_RandomForest_limited_label_1pct,CICIoT2023,NF-ToN-IoT-v2,instant_temporal,RandomForest,limited_label_1pct,42,4200,1400,0.84437375,0.8749349112812336,0.45,0.9356060606060606,0.247,0.4447603507383966,0.39082278481012656,0.4986979166666667,0.0425,0.753,42.5,383,17,753,247,0.5
CICIoT2023_to_NF-ToN-IoT-v2_instant_temporal_RandomForest_limited_label_5pct,CICIoT2023,NF-ToN-IoT-v2,instant_temporal,RandomForest,limited_label_5pct,210,4200,1400,0.99260375,0.9966375080021127,0.965,0.9567723342939481,0.996,0.9557167654647577,0.9759921607055365,0.9354413702239789,0.1125,0.004,112.5,355,45,4,996,0.42000000000000004
CICIoT2023_to_NF-ToN-IoT-v2_instant_temporal_RandomForest_limited_label_10pct,CICIoT2023,NF-ToN-IoT-v2,instant_temporal,RandomForest,limited_label_10pct,420,4200,1400,0.9926887500000001,0.9966756930417116,0.9785714285714285,0.9783037475345168,0.992,0.9734681655889689,0.9851042701092354,0.9618320610687023,0.055,0.008,55.0,378,22,8,992,0.43
CICIoT2023_to_NF-ToN-IoT-v2_instant_behavioral_LogisticRegression_zero_shot,CICIoT2023,NF-ToN-IoT-v2,instant_behavioral,LogisticRegression,zero_shot,0,4200,1400,0.29686125,0.5589198824752536,0.7257142857142858,0.7305389221556886,0.976,0.5040151157298063,0.8356164383561644,0.1724137931034483,0.9,0.024,900.0,40,360,24,976,0.99
CICIoT2023_to_NF-ToN-IoT-v2_instant_behavioral_LogisticRegression_limited_label_1pct,CICIoT2023,NF-ToN-IoT-v2,instant_behavioral,LogisticRegression,limited_label_1pct,42,4200,1400,0.34421625000000006,0.5818246579907853,0.7392857142857143,0.7378277153558053,0.985,0.5293684234763187,0.8436830835117773,0.21505376344086022,0.875,0.015,875.0,50,350,15,985,0.24000000000000002
CICIoT2023_to_NF-ToN-IoT-v2_instant_behavioral_LogisticRegression_limited_label_5pct,CICIoT2023,NF-ToN-IoT-v2,instant_behavioral,LogisticRegression,limited_label_5pct,210,4200,1400,0.30611124999999995,0.5670438187222124,0.2907142857142857,0.517948717948718,0.101,0.2751730340593595,0.16903765690376568,0.3813084112149533,0.235,0.899,235.0,306,94,899,101,0.87
CICIoT2023_to_NF-ToN-IoT-v2_instant_behavioral_LogisticRegression_limited_label_10pct,CICIoT2023,NF-ToN-IoT-v2,instant_behavioral,LogisticRegression,limited_label_10pct,420,4200,1400,0.37169375000000004,0.5914081328293536,0.7371428571428571,0.7386706948640483,0.978,0.5342715399412777,0.8416523235800344,0.226890756302521,0.865,0.022,865.0,54,346,22,978,0.36000000000000004
CICIoT2023_to_NF-ToN-IoT-v2_instant_behavioral_RandomForest_zero_shot,CICIoT2023,NF-ToN-IoT-v2,instant_behavioral,RandomForest,zero_shot,0,4200,1400,0.5345712499999999,0.6419284812850701,0.7271428571428571,0.7272058823529411,0.989,0.48497688751926044,0.838135593220339,0.1318181818181818,0.9275,0.011,927.5,29,371,11,989,0.8
CICIoT2023_to_NF-ToN-IoT-v2_instant_behavioral_RandomForest_limited_label_1pct,CICIoT2023,NF-ToN-IoT-v2,instant_behavioral,RandomForest,limited_label_1pct,42,4200,1400,0.9650025,0.9746835351993353,0.9757142857142858,0.9726027397260274,0.994,0.9697415829474749,0.9831849653808111,0.9562982005141388,0.07,0.006,70.0,372,28,6,994,0.5
CICIoT2023_to_NF-ToN-IoT-v2_instant_behavioral_RandomForest_limited_label_5pct,CICIoT2023,NF-ToN-IoT-v2,instant_behavioral,RandomForest,limited_label_5pct,210,4200,1400,0.98893625,0.9950026282510718,0.98,0.9727626459143969,1.0,0.9749619319168941,0.9861932938856016,0.9637305699481865,0.07,0.0,70.0,372,28,0,1000,0.42000000000000004
CICIoT2023_to_NF-ToN-IoT-v2_instant_behavioral_RandomForest_limited_label_10pct,CICIoT2023,NF-ToN-IoT-v2,instant_behavioral,RandomForest,limited_label_10pct,420,4200,1400,0.98517125,0.9848018926957063,0.98,0.9764705882352941,0.996,0.9751205889819752,0.9861386138613861,0.9641025641025641,0.06,0.004,60.0,376,24,4,996,0.42000000000000004
CICIoT2023_to_NF-ToN-IoT-v2_full_multilevel_LogisticRegression_zero_shot,CICIoT2023,NF-ToN-IoT-v2,full_multilevel,LogisticRegression,zero_shot,0,4200,1400,0.25169874999999997,0.5760155746753368,0.6485714285714286,0.6959876543209876,0.902,0.40476190476190477,0.7857142857142857,0.023809523809523808,0.985,0.098,985.0,6,394,98,902,0.99
CICIoT2023_to_NF-ToN-IoT-v2_full_multilevel_LogisticRegression_limited_label_1pct,CICIoT2023,NF-ToN-IoT-v2,full_multilevel,LogisticRegression,limited_label_1pct,42,4200,1400,0.46127375,0.7077869740743895,0.71,0.7295208655332303,0.944,0.5103225117250363,0.8230165649520488,0.1976284584980237,0.875,0.056,875.0,50,350,56,944,0.62
CICIoT2023_to_NF-ToN-IoT-v2_full_multilevel_LogisticRegression_limited_label_5pct,CICIoT2023,NF-ToN-IoT-v2,full_multilevel,LogisticRegression,limited_label_5pct,210,4200,1400,0.53582125,0.7525734443704477,0.5657142857142857,0.796969696969697,0.526,0.5502008032128514,0.6337349397590362,0.4666666666666667,0.335,0.474,335.0,266,134,474,526,0.54
CICIoT2023_to_NF-ToN-IoT-v2_full_multilevel_LogisticRegression_limited_label_10pct,CICIoT2023,NF-ToN-IoT-v2,full_multilevel,LogisticRegression,limited_label_10pct,420,4200,1400,0.62804625,0.8237661508112991,0.5864285714285714,0.8433931484502447,0.517,0.5766286036317181,0.6410415375077495,0.5122156697556866,0.24,0.483,240.0,304,96,483,517,0.6
CICIoT2023_to_NF-ToN-IoT-v2_full_multilevel_RandomForest_zero_shot,CICIoT2023,NF-ToN-IoT-v2,full_multilevel,RandomForest,zero_shot,0,4200,1400,0.46885250000000006,0.6635746699394272,0.6621428571428571,0.7086302454473475,0.895,0.4550830253671935,0.7909854175872735,0.1191806331471136,0.92,0.105,920.0,32,368,105,895,0.88
CICIoT2023_to_NF-ToN-IoT-v2_full_multilevel_RandomForest_limited_label_1pct,CICIoT2023,NF-ToN-IoT-v2,full_multilevel,RandomForest,limited_label_1pct,42,4200,1400,0.88108875,0.8983627102080172,0.6807142857142857,0.9678510998307953,0.572,0.674658789437484,0.7190446260213702,0.630272952853598,0.0475,0.428,47.5,381,19,428,572,0.54
CICIoT2023_to_NF-ToN-IoT-v2_full_multilevel_RandomForest_limited_label_5pct,CICIoT2023,NF-ToN-IoT-v2,full_multilevel,RandomForest,limited_label_5pct,210,4200,1400,0.9867487500000001,0.9922729418788148,0.975,0.9716520039100685,0.994,0.9688269584463356,0.9826989619377162,0.954954954954955,0.0725,0.006,72.5,371,29,6,994,0.52
CICIoT2023_to_NF-ToN-IoT-v2_full_multilevel_RandomForest_limited_label_10pct,CICIoT2023,NF-ToN-IoT-v2,full_multilevel,RandomForest,limited_label_10pct,420,4200,1400,0.98938375,0.9944762635172859,0.9871428571428571,0.9861386138613861,0.996,0.9841299829964103,0.991044776119403,0.9772151898734177,0.035,0.004,35.0,386,14,4,996,0.52
